1,2.4004792626728113,0.11188008562867421,2.562119815668203,gASVHQEAAAAAAACMC2NvbGxlY3Rpb25zlIwLT3JkZXJlZERpY3SUk5QpUpQojAt0cmFuc2l0aW9uc5QoKEsAjA5heGVscm9kLmFjdGlvbpSMBkFjdGlvbpSTlEsAhZRSlEsAaAl0lChLAGgHSwGFlFKUSwJoDHSUKEsBaAlLBGgJdJQoSwFoDEsEaAx0lChLAmgJSwNoDHSUKEsCaAxLA2gJdJQoSwNoCUsBaAl0lChLA2gMSwNoCXSUKEsEaAlLAWgJdJQoSwRoDEsDaAx0lHSUjA1pbml0aWFsX3N0YXRllEsDjA5pbml0aWFsX2FjdGlvbpRoCYwKbnVtX3N0YXRlc5RLBYwUbXV0YXRpb25fcHJvYmFiaWxpdHmURz+5mZmZmZmadS4=
2,2.3952073732718895,0.12349064873813771,2.552903225806452,gASVHQEAAAAAAACMC2NvbGxlY3Rpb25zlIwLT3JkZXJlZERpY3SUk5QpUpQojAt0cmFuc2l0aW9uc5QoKEsAjA5heGVscm9kLmFjdGlvbpSMBkFjdGlvbpSTlEsAhZRSlEsAaAl0lChLAGgHSwGFlFKUSwJoDHSUKEsBaAlLBGgJdJQoSwFoDEsEaAx0lChLAmgJSwNoDHSUKEsCaAxLA2gJdJQoSwNoCUsBaAl0lChLA2gMSwNoCXSUKEsEaAlLAWgJdJQoSwRoDEsDaAx0lHSUjA1pbml0aWFsX3N0YXRllEsDjA5pbml0aWFsX2FjdGlvbpRoCYwKbnVtX3N0YXRlc5RLBYwUbXV0YXRpb25fcHJvYmFiaWxpdHmURz+5mZmZmZmadS4=
3,2.479216589861751,0.06712404494673142,2.5996774193548386,gASVHQEAAAAAAACMC2NvbGxlY3Rpb25zlIwLT3JkZXJlZERpY3SUk5QpUpQojAt0cmFuc2l0aW9uc5QoKEsAjA5heGVscm9kLmFjdGlvbpSMBkFjdGlvbpSTlEsAhZRSlEsBaAl0lChLAGgHSwGFlFKUSwBoDHSUKEsBaAlLAGgMdJQoSwFoDEsBaAx0lChLAmgJSwNoDHSUKEsCaAxLBGgMdJQoSwNoCUsCaAl0lChLA2gMSwBoDHSUKEsEaAlLA2gMdJQoSwRoDEsBaAl0lHSUjA1pbml0aWFsX3N0YXRllEsAjA5pbml0aWFsX2FjdGlvbpRoCYwKbnVtX3N0YXRlc5RLBYwUbXV0YXRpb25fcHJvYmFiaWxpdHmURz+5mZmZmZmadS4=
4,2.517152073732719,0.05321918206428013,2.605253456221198,gASVHQEAAAAAAACMC2NvbGxlY3Rpb25zlIwLT3JkZXJlZERpY3SUk5QpUpQojAt0cmFuc2l0aW9uc5QoKEsAjA5heGVscm9kLmFjdGlvbpSMBkFjdGlvbpSTlEsAhZRSlEsBaAl0lChLAGgHSwGFlFKUSwBoDHSUKEsBaAlLAGgMdJQoSwFoDEsBaAx0lChLAmgJSwNoDHSUKEsCaAxLBGgMdJQoSwNoCUsCaAl0lChLA2gMSwBoDHSUKEsEaAlLA2gMdJQoSwRoDEsBaAl0lHSUjA1pbml0aWFsX3N0YXRllEsAjA5pbml0aWFsX2FjdGlvbpRoCYwKbnVtX3N0YXRlc5RLBYwUbXV0YXRpb25fcHJvYmFiaWxpdHmURz+5mZmZmZmadS4=
5,2.5443202764976958,0.0616729866297378,2.634147465437788,gASVHQEAAAAAAACMC2NvbGxlY3Rpb25zlIwLT3JkZXJlZERpY3SUk5QpUpQojAt0cmFuc2l0aW9uc5QoKEsAjA5heGVscm9kLmFjdGlvbpSMBkFjdGlvbpSTlEsAhZRSlEsDaAl0lChLAGgHSwGFlFKUSwJoDHSUKEsBaAlLAmgJdJQoSwFoDEsDaAx0lChLAmgJSwFoDHSUKEsCaAxLAGgMdJQoSwNoCUsEaAx0lChLA2gMSwBoDHSUKEsEaAlLAmgMdJQoSwRoDEsDaAl0lHSUjA1pbml0aWFsX3N0YXRllEsBjA5pbml0aWFsX2FjdGlvbpRoCYwKbnVtX3N0YXRlc5RLBYwUbXV0YXRpb25fcHJvYmFiaWxpdHmURz+5mZmZmZmadS4=
1,2.4359078341013825,0.09316096206989001,2.604285714285714,gASVHQEAAAAAAACMC2NvbGxlY3Rpb25zlIwLT3JkZXJlZERpY3SUk5QpUpQojAt0cmFuc2l0aW9uc5QoKEsAjA5heGVscm9kLmFjdGlvbpSMBkFjdGlvbpSTlEsAhZRSlEsBaAl0lChLAGgHSwGFlFKUSwNoDHSUKEsBaAlLAGgJdJQoSwFoDEsCaAl0lChLAmgJSwNoDHSUKEsCaAxLAGgJdJQoSwNoCUsDaAl0lChLA2gMSwJoCXSUKEsEaAlLA2gMdJQoSwRoDEsDaAl0lHSUjA1pbml0aWFsX3N0YXRllEsAjA5pbml0aWFsX2FjdGlvbpRoCYwKbnVtX3N0YXRlc5RLBYwUbXV0YXRpb25fcHJvYmFiaWxpdHmURz+5mZmZmZmadS4=
2,2.431036866359447,0.0966141088704515,2.5976958525345624,gASVHQEAAAAAAACMC2NvbGxlY3Rpb25zlIwLT3JkZXJlZERpY3SUk5QpUpQojAt0cmFuc2l0aW9uc5QoKEsAjA5heGVscm9kLmFjdGlvbpSMBkFjdGlvbpSTlEsAhZRSlEsBaAl0lChLAGgHSwGFlFKUSwNoDHSUKEsBaAlLAGgJdJQoSwFoDEsCaAl0lChLAmgJSwNoDHSUKEsCaAxLAGgJdJQoSwNoCUsDaAl0lChLA2gMSwJoCXSUKEsEaAlLA2gMdJQoSwRoDEsDaAl0lHSUjA1pbml0aWFsX3N0YXRllEsAjA5pbml0aWFsX2FjdGlvbpRoCYwKbnVtX3N0YXRlc5RLBYwUbXV0YXRpb25fcHJvYmFiaWxpdHmURz+5mZmZmZmadS4=
3,2.4993479262672813,0.06768387473127381,2.6029032258064517,gASVHQEAAAAAAACMC2NvbGxlY3Rpb25zlIwLT3JkZXJlZERpY3SUk5QpUpQojAt0cmFuc2l0aW9uc5QoKEsAjA5heGVscm9kLmFjdGlvbpSMBkFjdGlvbpSTlEsAhZRSlEsBaAl0lChLAGgHSwGFlFKUSwNoDHSUKEsBaAlLAGgJdJQoSwFoDEsCaAl0lChLAmgJSwNoDHSUKEsCaAxLAGgJdJQoSwNoCUsDaAl0lChLA2gMSwJoCXSUKEsEaAlLA2gMdJQoSwRoDEsDaAl0lHSUjA1pbml0aWFsX3N0YXRllEsAjA5pbml0aWFsX2FjdGlvbpRoCYwKbnVtX3N0YXRlc5RLBYwUbXV0YXRpb25fcHJvYmFiaWxpdHmURz+5mZmZmZmadS4=
4,2.5230023041474654,0.07934343125589537,2.658479262672811,gASVHQEAAAAAAACMC2NvbGxlY3Rpb25zlIwLT3JkZXJlZERpY3SUk5QpUpQojAt0cmFuc2l0aW9uc5QoKEsAjA5heGVscm9kLmFjdGlvbpSMBkFjdGlvbpSTlEsAhZRSlEsBaAl0lChLAGgHSwGFlFKUSwBoDHSUKEsBaAlLAGgJdJQoSwFoDEsEaAl0lChLAmgJSwFoDHSUKEsCaAxLAGgMdJQoSwNoCUsBaAx0lChLA2gMSwBoCXSUKEsEaAlLAmgJdJQoSwRoDEsAaAl0lHSUjA1pbml0aWFsX3N0YXRllEsAjA5pbml0aWFsX2FjdGlvbpRoCYwKbnVtX3N0YXRlc5RLBYwUbXV0YXRpb25fcHJvYmFiaWxpdHmURz+5mZmZmZmadS4=
5,2.547209677419355,0.07581746096151468,2.652350230414746,gASVHQEAAAAAAACMC2NvbGxlY3Rpb25zlIwLT3JkZXJlZERpY3SUk5QpUpQojAt0cmFuc2l0aW9uc5QoKEsAjA5heGVscm9kLmFjdGlvbpSMBkFjdGlvbpSTlEsAhZRSlEsBaAl0lChLAGgHSwGFlFKUSwBoDHSUKEsBaAlLAGgJdJQoSwFoDEsEaAl0lChLAmgJSwFoDHSUKEsCaAxLAGgMdJQoSwNoCUsBaAx0lChLA2gMSwBoCXSUKEsEaAlLAmgJdJQoSwRoDEsAaAl0lHSUjA1pbml0aWFsX3N0YXRllEsAjA5pbml0aWFsX2FjdGlvbpRoCYwKbnVtX3N0YXRlc5RLBYwUbXV0YXRpb25fcHJvYmFiaWxpdHmURz+5mZmZmZmadS4=
1,2.4811336405529953,0.16656307820208346,2.7343778801843324,gASVHQEAAAAAAACMC2NvbGxlY3Rpb25zlIwLT3JkZXJlZERpY3SUk5QpUpQojAt0cmFuc2l0aW9uc5QoKEsAjA5heGVscm9kLmFjdGlvbpSMBkFjdGlvbpSTlEsAhZRSlEsEaAl0lChLAGgHSwGFlFKUSwBoDHSUKEsBaAlLBGgMdJQoSwFoDEsBaAx0lChLAmgJSwBoCXSUKEsCaAxLAmgMdJQoSwNoCUsCaAl0lChLA2gMSwBoDHSUKEsEaAlLAWgMdJQoSwRoDEsDaAl0lHSUjA1pbml0aWFsX3N0YXRllEsDjA5pbml0aWFsX2FjdGlvbpRoCYwKbnVtX3N0YXRlc5RLBYwUbXV0YXRpb25fcHJvYmFiaWxpdHmURz+5mZmZmZmadS4=
2,2.465426267281106,0.16720492665313433,2.7347004608294934,gASVHQEAAAAAAACMC2NvbGxlY3Rpb25zlIwLT3JkZXJlZERpY3SUk5QpUpQojAt0cmFuc2l0aW9uc5QoKEsAjA5heGVscm9kLmFjdGlvbpSMBkFjdGlvbpSTlEsAhZRSlEsEaAl0lChLAGgHSwGFlFKUSwBoDHSUKEsBaAlLBGgMdJQoSwFoDEsBaAx0lChLAmgJSwBoCXSUKEsCaAxLAmgMdJQoSwNoCUsCaAl0lChLA2gMSwBoDHSUKEsEaAlLAWgMdJQoSwRoDEsDaAl0lHSUjA1pbml0aWFsX3N0YXRllEsDjA5pbml0aWFsX2FjdGlvbpRoCYwKbnVtX3N0YXRlc5RLBYwUbXV0YXRpb25fcHJvYmFiaWxpdHmURz+5mZmZmZmadS4=
3,2.5514239631336406,0.13240524726811426,2.7337788018433185,gASVHQEAAAAAAACMC2NvbGxlY3Rpb25zlIwLT3JkZXJlZERpY3SUk5QpUpQojAt0cmFuc2l0aW9uc5QoKEsAjA5heGVscm9kLmFjdGlvbpSMBkFjdGlvbpSTlEsAhZRSlEsEaAl0lChLAGgHSwGFlFKUSwBoDHSUKEsBaAlLBGgMdJQoSwFoDEsBaAx0lChLAmgJSwBoCXSUKEsCaAxLAmgMdJQoSwNoCUsCaAl0lChLA2gMSwBoDHSUKEsEaAlLAWgMdJQoSwRoDEsDaAl0lHSUjA1pbml0aWFsX3N0YXRllEsDjA5pbml0aWFsX2FjdGlvbpRoCYwKbnVtX3N0YXRlc5RLBYwUbXV0YXRpb25fcHJvYmFiaWxpdHmURz+5mZmZmZmadS4=
4,2.615615207373272,0.07378269515254451,2.743963133640553,gASVHQEAAAAAAACMC2NvbGxlY3Rpb25zlIwLT3JkZXJlZERpY3SUk5QpUpQojAt0cmFuc2l0aW9uc5QoKEsAjA5heGVscm9kLmFjdGlvbpSMBkFjdGlvbpSTlEsAhZRSlEsEaAl0lChLAGgHSwGFlFKUSwBoDHSUKEsBaAlLBGgMdJQoSwFoDEsBaAx0lChLAmgJSwBoCXSUKEsCaAxLAmgMdJQoSwNoCUsCaAl0lChLA2gMSwBoDHSUKEsEaAlLAWgMdJQoSwRoDEsDaAl0lHSUjA1pbml0aWFsX3N0YXRllEsDjA5pbml0aWFsX2FjdGlvbpRoCYwKbnVtX3N0YXRlc5RLBYwUbXV0YXRpb25fcHJvYmFiaWxpdHmURz+5mZmZmZmadS4=
5,2.61789400921659,0.10870477999450881,2.7357603686635947,gASVHQEAAAAAAACMC2NvbGxlY3Rpb25zlIwLT3JkZXJlZERpY3SUk5QpUpQojAt0cmFuc2l0aW9uc5QoKEsAjA5heGVscm9kLmFjdGlvbpSMBkFjdGlvbpSTlEsAhZRSlEsEaAl0lChLAGgHSwGFlFKUSwBoDHSUKEsBaAlLBGgMdJQoSwFoDEsBaAx0lChLAmgJSwBoCXSUKEsCaAxLAmgMdJQoSwNoCUsCaAl0lChLA2gMSwBoDHSUKEsEaAlLAWgMdJQoSwRoDEsDaAl0lHSUjA1pbml0aWFsX3N0YXRllEsDjA5pbml0aWFsX2FjdGlvbpRoCYwKbnVtX3N0YXRlc5RLBYwUbXV0YXRpb25fcHJvYmFiaWxpdHmURz+5mZmZmZmadS4=
1,2.6707844036697246,0.002597193262742712,2.6743119266055047,gANjY29sbGVjdGlvbnMKT3JkZXJlZERpY3QKcQApUnEBKFgLAAAAdHJhbnNpdGlvbnNxAigoSwFjYXhlbHJvZC5hY3Rpb24KQWN0aW9uCnEDSwCFcQRScQVLAmgFdHEGKEsBaANLAYVxB1JxCEsDaAh0cQkoSwJoBUsBaAV0cQooSwJoCEsEaAh0cQsoSwNoBUsEaAV0cQwoSwNoCEsFaAh0cQ0oSwRoBUsFaAh0cQ4oSwRoCEsGaAh0cQ8oSwVoBUsCaAV0cRAoSwVoCEsJaAh0cREoSwZoBUsFaAh0cRIoSwZoCEsHaAh0cRMoSwdoBUsFaAV0cRQoSwdoCEsIaAh0cRUoSwhoBUsFaAh0cRYoSwhoCEsFaAV0cRcoSwloBUsCaAV0cRgoSwloCEsKaAV0cRkoSwpoBUsCaAV0cRooSwpoCEsEaAh0cRt0cRxYDQAAAGluaXRpYWxfc3RhdGVxHUsBWA4AAABpbml0aWFsX2FjdGlvbnEeaAVYCgAAAG51bV9zdGF0ZXNxH0sKWBQAAABtdXRhdGlvbl9wcm9iYWJpbGl0eXEgRz+5mZmZmZmadS4=
2,2.645605504587156,0.07041857939167595,2.7249541284403667,gANjY29sbGVjdGlvbnMKT3JkZXJlZERpY3QKcQApUnEBKFgLAAAAdHJhbnNpdGlvbnNxAigoSwFjYXhlbHJvZC5hY3Rpb24KQWN0aW9uCnEDSwCFcQRScQVLAmgFdHEGKEsBaANLAYVxB1JxCEsDaAh0cQkoSwJoBUsBaAV0cQooSwJoCEsEaAh0cQsoSwNoBUsEaAV0cQwoSwNoCEsFaAh0cQ0oSwRoBUsCaAV0cQ4oSwRoCEsJaAh0cQ8oSwVoBUsFaAh0cRAoSwVoCEsGaAh0cREoSwZoBUsFaAh0cRIoSwZoCEsHaAh0cRMoSwdoBUsFaAV0cRQoSwdoCEsIaAh0cRUoSwhoBUsFaAh0cRYoSwhoCEsFaAV0cRcoSwloBUsCaAV0cRgoSwloCEsKaAV0cRkoSwpoBUsCaAV0cRooSwpoCEsEaAh0cRt0cRxYDQAAAGluaXRpYWxfc3RhdGVxHUsBWA4AAABpbml0aWFsX2FjdGlvbnEeaAVYCgAAAG51bV9zdGF0ZXNxH0sKWBQAAABtdXRhdGlvbl9wcm9iYWJpbGl0eXEgRz+5mZmZmZmadS4=
3,2.649135321100917,0.07045334321518117,2.7235321100917433,gANjY29sbGVjdGlvbnMKT3JkZXJlZERpY3QKcQApUnEBKFgLAAAAdHJhbnNpdGlvbnNxAigoSwFjYXhlbHJvZC5hY3Rpb24KQWN0aW9uCnEDSwCFcQRScQVLAmgFdHEGKEsBaANLAYVxB1JxCEsDaAh0cQkoSwJoBUsBaAV0cQooSwJoCEsEaAh0cQsoSwNoBUsEaAV0cQwoSwNoCEsFaAh0cQ0oSwRoBUsCaAV0cQ4oSwRoCEsJaAh0cQ8oSwVoBUsFaAh0cRAoSwVoCEsGaAh0cREoSwZoBUsFaAh0cRIoSwZoCEsHaAh0cRMoSwdoBUsFaAV0cRQoSwdoCEsIaAh0cRUoSwhoBUsFaAh0cRYoSwhoCEsFaAV0cRcoSwloBUsCaAV0cRgoSwloCEsKaAV0cRkoSwpoBUsCaAV0cRooSwpoCEsEaAh0cRt0cRxYDQAAAGluaXRpYWxfc3RhdGVxHUsBWA4AAABpbml0aWFsX2FjdGlvbnEeaAVYCgAAAG51bV9zdGF0ZXNxH0sKWBQAAABtdXRhdGlvbl9wcm9iYWJpbGl0eXEgRz+5mZmZmZmadS4=
4,2.6702866972477066,0.04565994969816402,2.746192660550459,gANjY29sbGVjdGlvbnMKT3JkZXJlZERpY3QKcQApUnEBKFgLAAAAdHJhbnNpdGlvbnNxAigoSwFjYXhlbHJvZC5hY3Rpb24KQWN0aW9uCnEDSwCFcQRScQVLAmgFdHEGKEsBaANLAYVxB1JxCEsDaAh0cQkoSwJoBUsBaAV0cQooSwJoCEsEaAh0cQsoSwNoBUsEaAV0cQwoSwNoCEsFaAh0cQ0oSwRoBUsFaAh0cQ4oSwRoCEsGaAh0cQ8oSwVoBUsFaAh0cRAoSwVoCEsHaAh0cREoSwZoBUsCaAV0cRIoSwZoCEsJaAh0cRMoSwdoBUsFaAV0cRQoSwdoCEsIaAh0cRUoSwhoBUsFaAh0cRYoSwhoCEsFaAV0cRcoSwloBUsCaAV0cRgoSwloCEsKaAV0cRkoSwpoBUsCaAV0cRooSwpoCEsEaAh0cRt0cRxYDQAAAGluaXRpYWxfc3RhdGVxHUsBWA4AAABpbml0aWFsX2FjdGlvbnEeaAVYCgAAAG51bV9zdGF0ZXNxH0sKWBQAAABtdXRhdGlvbl9wcm9iYWJpbGl0eXEgRz+5mZmZmZmadS4=
5,2.682165137614679,0.045641119806454224,2.7303669724770643,gANjY29sbGVjdGlvbnMKT3JkZXJlZERpY3QKcQApUnEBKFgLAAAAdHJhbnNpdGlvbnNxAigoSwFjYXhlbHJvZC5hY3Rpb24KQWN0aW9uCnEDSwCFcQRScQVLAmgFdHEGKEsBaANLAYVxB1JxCEsDaAh0cQkoSwJoBUsBaAV0cQooSwJoCEsEaAh0cQsoSwNoBUsEaAV0cQwoSwNoCEsFaAh0cQ0oSwRoBUsFaAh0cQ4oSwRoCEsGaAh0cQ8oSwVoBUsFaAh0cRAoSwVoCEsHaAh0cREoSwZoBUsCaAV0cRIoSwZoCEsJaAh0cRMoSwdoBUsFaAV0cRQoSwdoCEsIaAh0cRUoSwhoBUsFaAh0cRYoSwhoCEsFaAV0cRcoSwloBUsCaAV0cRgoSwloCEsKaAV0cRkoSwpoBUsCaAV0cRooSwpoCEsEaAh0cRt0cRxYDQAAAGluaXRpYWxfc3RhdGVxHUsBWA4AAABpbml0aWFsX2FjdGlvbnEeaAVYCgAAAG51bV9zdGF0ZXNxH0sKWBQAAABtdXRhdGlvbl9wcm9iYWJpbGl0eXEgRz+5mZmZmZmadS4=
1,2.671388532110092,0.0038733628512955275,2.6810091743119266,gANjY29sbGVjdGlvbnMKT3JkZXJlZERpY3QKcQApUnEBKFgLAAAAdHJhbnNpdGlvbnNxAigoSwFjYXhlbHJvZC5hY3Rpb24KQWN0aW9uCnEDSwCFcQRScQVLAmgFdHEGKEsBaANLAYVxB1JxCEsDaAh0cQkoSwJoBUsBaAV0cQooSwJoCEsEaAh0cQsoSwNoBUsEaAV0cQwoSwNoCEsFaAh0cQ0oSwRoBUsFaAh0cQ4oSwRoCEsGaAh0cQ8oSwVoBUsCaAV0cRAoSwVoCEsJaAh0cREoSwZoBUsFaAh0cRIoSwZoCEsHaAh0cRMoSwdoBUsFaAV0cRQoSwdoCEsIaAh0cRUoSwhoBUsFaAh0cRYoSwhoCEsFaAV0cRcoSwloBUsCaAV0cRgoSwloCEsKaAV0cRkoSwpoBUsCaAV0cRooSwpoCEsEaAh0cRt0cRxYDQAAAGluaXRpYWxfc3RhdGVxHUsBWA4AAABpbml0aWFsX2FjdGlvbnEeaAVYCgAAAG51bV9zdGF0ZXNxH0sKWBQAAABtdXRhdGlvbl9wcm9iYWJpbGl0eXEgRz+5mZmZmZmadS4=
2,2.6163885321100917,0.09027480813445962,2.7107798165137615,gANjY29sbGVjdGlvbnMKT3JkZXJlZERpY3QKcQApUnEBKFgLAAAAdHJhbnNpdGlvbnNxAigoSwFjYXhlbHJvZC5hY3Rpb24KQWN0aW9uCnEDSwCFcQRScQVLAmgFdHEGKEsBaANLAYVxB1JxCEsDaAh0cQkoSwJoBUsBaAV0cQooSwJoCEsEaAh0cQsoSwNoBUsEaAV0cQwoSwNoCEsFaAh0cQ0oSwRoBUsFaAV0cQ4oSwRoCEsFaAV0cQ8oSwVoBUsCaAh0cRAoSwVoCEsJaAh0cREoSwZoBUsFaAh0cRIoSwZoCEsHaAV0cRMoSwdoBUsFaAV0cRQoSwdoCEsIaAh0cRUoSwhoBUsFaAh0cRYoSwhoCEsGaAV0cRcoSwloBUsCaAV0cRgoSwloCEsKaAh0cRkoSwpoBUsCaAV0cRooSwpoCEsEaAh0cRt0cRxYDQAAAGluaXRpYWxfc3RhdGVxHUsBWA4AAABpbml0aWFsX2FjdGlvbnEeaAVYCgAAAG51bV9zdGF0ZXNxH0sKWBQAAABtdXRhdGlvbl9wcm9iYWJpbGl0eXEgRz+5mZmZmZmadS4=
3,2.638851376146789,0.05825829078695196,2.7230733944954126,gANjY29sbGVjdGlvbnMKT3JkZXJlZERpY3QKcQApUnEBKFgLAAAAdHJhbnNpdGlvbnNxAigoSwFjYXhlbHJvZC5hY3Rpb24KQWN0aW9uCnEDSwCFcQRScQVLAmgFdHEGKEsBaANLAYVxB1JxCEsDaAh0cQkoSwJoBUsBaAV0cQooSwJoCEsEaAh0cQsoSwNoBUsEaAV0cQwoSwNoCEsFaAh0cQ0oSwRoBUsFaAV0cQ4oSwRoCEsGaAh0cQ8oSwVoBUsFaAh0cRAoSwVoCEsFaAV0cREoSwZoBUsFaAh0cRIoSwZoCEsHaAh0cRMoSwdoBUsFaAV0cRQoSwdoCEsIaAh0cRUoSwhoBUsCaAV0cRYoSwhoCEsJaAV0cRcoSwloBUsCaAh0cRgoSwloCEsKaAV0cRkoSwpoBUsCaAV0cRooSwpoCEsEaAV0cRt0cRxYDQAAAGluaXRpYWxfc3RhdGVxHUsBWA4AAABpbml0aWFsX2FjdGlvbnEeaAVYCgAAAG51bV9zdGF0ZXNxH0sKWBQAAABtdXRhdGlvbl9wcm9iYWJpbGl0eXEgRz+5mZmZmZmadS4=
4,2.631783486238532,0.07231400344808046,2.7702293577981654,gANjY29sbGVjdGlvbnMKT3JkZXJlZERpY3QKcQApUnEBKFgLAAAAdHJhbnNpdGlvbnNxAigoSwFjYXhlbHJvZC5hY3Rpb24KQWN0aW9uCnEDSwCFcQRScQVLAmgFdHEGKEsBaANLAYVxB1JxCEsDaAh0cQkoSwJoBUsBaAV0cQooSwJoCEsEaAh0cQsoSwNoBUsEaAV0cQwoSwNoCEsFaAh0cQ0oSwRoBUsFaAV0cQ4oSwRoCEsGaAh0cQ8oSwVoBUsFaAh0cRAoSwVoCEsFaAh0cREoSwZoBUsFaAh0cRIoSwZoCEsHaAh0cRMoSwdoBUsFaAV0cRQoSwdoCEsIaAh0cRUoSwhoBUsCaAV0cRYoSwhoCEsJaAV0cRcoSwloBUsCaAh0cRgoSwloCEsKaAV0cRkoSwpoBUsCaAV0cRooSwpoCEsEaAV0cRt0cRxYDQAAAGluaXRpYWxfc3RhdGVxHUsBWA4AAABpbml0aWFsX2FjdGlvbnEeaAVYCgAAAG51bV9zdGF0ZXNxH0sKWBQAAABtdXRhdGlvbl9wcm9iYWJpbGl0eXEgRz+5mZmZmZmadS4=
5,2.6469077981651377,0.07196261213025167,2.780733944954129,gANjY29sbGVjdGlvbnMKT3JkZXJlZERpY3QKcQApUnEBKFgLAAAAdHJhbnNpdGlvbnNxAigoSwFjYXhlbHJvZC5hY3Rpb24KQWN0aW9uCnEDSwCFcQRScQVLAmgFdHEGKEsBaANLAYVxB1JxCEsDaAh0cQkoSwJoBUsBaAV0cQooSwJoCEsEaAh0cQsoSwNoBUsEaAV0cQwoSwNoCEsFaAh0cQ0oSwRoBUsFaAV0cQ4oSwRoCEsGaAh0cQ8oSwVoBUsFaAh0cRAoSwVoCEsFaAh0cREoSwZoBUsFaAh0cRIoSwZoCEsHaAh0cRMoSwdoBUsBaAV0cRQoSwdoCEsEaAh0cRUoSwhoBUsCaAV0cRYoSwhoCEsJaAh0cRcoSwloBUsCaAh0cRgoSwloCEsKaAV0cRkoSwpoBUsCaAV0cRooSwpoCEsEaAV0cRt0cRxYDQAAAGluaXRpYWxfc3RhdGVxHUsBWA4AAABpbml0aWFsX2FjdGlvbnEeaAVYCgAAAG51bV9zdGF0ZXNxH0sKWBQAAABtdXRhdGlvbl9wcm9iYWJpbGl0eXEgRz+5mZmZmZmadS4=
6,2.67523623853211,0.07571456344194247,2.782568807339449,gANjY29sbGVjdGlvbnMKT3JkZXJlZERpY3QKcQApUnEBKFgLAAAAdHJhbnNpdGlvbnNxAigoSwFjYXhlbHJvZC5hY3Rpb24KQWN0aW9uCnEDSwCFcQRScQVLAmgFdHEGKEsBaANLAYVxB1JxCEsDaAh0cQkoSwJoBUsBaAV0cQooSwJoCEsEaAh0cQsoSwNoBUsEaAV0cQwoSwNoCEsFaAh0cQ0oSwRoBUsFaAV0cQ4oSwRoCEsFaAV0cQ8oSwVoBUsFaAh0cRAoSwVoCEsFaAh0cREoSwZoBUsFaAh0cRIoSwZoCEsHaAV0cRMoSwdoBUsFaAV0cRQoSwdoCEsIaAh0cRUoSwhoBUsCaAV0cRYoSwhoCEsJaAh0cRcoSwloBUsCaAh0cRgoSwloCEsKaAh0cRkoSwpoBUsCaAV0cRooSwpoCEsEaAh0cRt0cRxYDQAAAGluaXRpYWxfc3RhdGVxHUsBWA4AAABpbml0aWFsX2FjdGlvbnEeaAVYCgAAAG51bV9zdGF0ZXNxH0sKWBQAAABtdXRhdGlvbl9wcm9iYWJpbGl0eXEgRz+5mZmZmZmadS4=
1,2.6825362385321103,0.003755652782931379,2.6942660550458712,gANjY29sbGVjdGlvbnMKT3JkZXJlZERpY3QKcQApUnEBKFgLAAAAdHJhbnNpdGlvbnNxAigoSwFjYXhlbHJvZC5hY3Rpb24KQWN0aW9uCnEDSwCFcQRScQVLAmgFdHEGKEsBaANLAYVxB1JxCEsDaAh0cQkoSwJoBUsBaAV0cQooSwJoCEsEaAh0cQsoSwNoBUsEaAV0cQwoSwNoCEsFaAh0cQ0oSwRoBUsFaAh0cQ4oSwRoCEsGaAV0cQ8oSwVoBUsCaAV0cRAoSwVoCEsJaAh0cREoSwZoBUsFaAh0cRIoSwZoCEsHaAh0cRMoSwdoBUsFaAV0cRQoSwdoCEsIaAh0cRUoSwhoBUsFaAh0cRYoSwhoCEsFaAV0cRcoSwloBUsCaAV0cRgoSwloCEsKaAV0cRkoSwpoBUsCaAV0cRooSwpoCEsEaAh0cRt0cRxYDQAAAGluaXRpYWxfc3RhdGVxHUsBWA4AAABpbml0aWFsX2FjdGlvbnEeaAVYCgAAAG51bV9zdGF0ZXNxH0sKWBQAAABtdXRhdGlvbl9wcm9iYWJpbGl0eXEgRz+5mZmZmZmadS4=
2,2.6141362385321103,0.09007256682603243,2.7075688073394497,gANjY29sbGVjdGlvbnMKT3JkZXJlZERpY3QKcQApUnEBKFgLAAAAdHJhbnNpdGlvbnNxAigoSwFjYXhlbHJvZC5hY3Rpb24KQWN0aW9uCnEDSwCFcQRScQVLAmgFdHEGKEsBaANLAYVxB1JxCEsDaAh0cQkoSwJoBUsBaAV0cQooSwJoCEsEaAh0cQsoSwNoBUsEaAV0cQwoSwNoCEsFaAh0cQ0oSwRoBUsFaAV0cQ4oSwRoCEsGaAV0cQ8oSwVoBUsCaAV0cRAoSwVoCEsJaAh0cREoSwZoBUsFaAh0cRIoSwZoCEsHaAh0cRMoSwdoBUsFaAV0cRQoSwdoCEsIaAh0cRUoSwhoBUsFaAh0cRYoSwhoCEsFaAV0cRcoSwloBUsCaAh0cRgoSwloCEsKaAh0cRkoSwpoBUsCaAV0cRooSwpoCEsEaAh0cRt0cRxYDQAAAGluaXRpYWxfc3RhdGVxHUsBWA4AAABpbml0aWFsX2FjdGlvbnEeaAVYCgAAAG51bV9zdGF0ZXNxH0sKWBQAAABtdXRhdGlvbl9wcm9iYWJpbGl0eXEgRz+5mZmZmZmadS4=
3,2.623171100917431,0.08994887835733478,2.7279816513761466,gANjY29sbGVjdGlvbnMKT3JkZXJlZERpY3QKcQApUnEBKFgLAAAAdHJhbnNpdGlvbnNxAigoSwFjYXhlbHJvZC5hY3Rpb24KQWN0aW9uCnEDSwCFcQRScQVLAmgFdHEGKEsBaANLAYVxB1JxCEsDaAh0cQkoSwJoBUsEaAV0cQooSwJoCEsFaAh0cQsoSwNoBUsBaAV0cQwoSwNoCEsEaAh0cQ0oSwRoBUsCaAV0cQ4oSwRoCEsJaAV0cQ8oSwVoBUsFaAh0cRAoSwVoCEsGaAh0cREoSwZoBUsFaAh0cRIoSwZoCEsHaAh0cRMoSwdoBUsFaAh0cRQoSwdoCEsIaAV0cRUoSwhoBUsFaAh0cRYoSwhoCEsFaAV0cRcoSwloBUsCaAV0cRgoSwloCEsKaAV0cRkoSwpoBUsCaAV0cRooSwpoCEsEaAh0cRt0cRxYDQAAAGluaXRpYWxfc3RhdGVxHUsBWA4AAABpbml0aWFsX2FjdGlvbnEeaAVYCgAAAG51bV9zdGF0ZXNxH0sKWBQAAABtdXRhdGlvbl9wcm9iYWJpbGl0eXEgRz+5mZmZmZmadS4=
4,2.645969724770642,0.07328799211260081,2.7670183486238535,gANjY29sbGVjdGlvbnMKT3JkZXJlZERpY3QKcQApUnEBKFgLAAAAdHJhbnNpdGlvbnNxAigoSwFjYXhlbHJvZC5hY3Rpb24KQWN0aW9uCnEDSwCFcQRScQVLAmgFdHEGKEsBaANLAYVxB1JxCEsDaAh0cQkoSwJoBUsBaAV0cQooSwJoCEsEaAh0cQsoSwNoBUsEaAV0cQwoSwNoCEsFaAh0cQ0oSwRoBUsFaAh0cQ4oSwRoCEsGaAV0cQ8oSwVoBUsFaAh0cRAoSwVoCEsGaAh0cREoSwZoBUsFaAh0cRIoSwZoCEsFaAV0cRMoSwdoBUsFaAV0cRQoSwdoCEsIaAV0cRUoSwhoBUsFaAV0cRYoSwhoCEsHaAV0cRcoSwloBUsCaAV0cRgoSwloCEsKaAV0cRkoSwpoBUsCaAV0cRooSwpoCEsEaAh0cRt0cRxYDQAAAGluaXRpYWxfc3RhdGVxHUsBWA4AAABpbml0aWFsX2FjdGlvbnEeaAVYCgAAAG51bV9zdGF0ZXNxH0sKWBQAAABtdXRhdGlvbl9wcm9iYWJpbGl0eXEgRz+5mZmZmZmadS4=
5,2.6507844036697246,0.0846452457553728,2.760412844036697,gANjY29sbGVjdGlvbnMKT3JkZXJlZERpY3QKcQApUnEBKFgLAAAAdHJhbnNpdGlvbnNxAigoSwFjYXhlbHJvZC5hY3Rpb24KQWN0aW9uCnEDSwCFcQRScQVLAmgFdHEGKEsBaANLAYVxB1JxCEsDaAh0cQkoSwJoBUsBaAV0cQooSwJoCEsEaAh0cQsoSwNoBUsEaAV0cQwoSwNoCEsFaAh0cQ0oSwRoBUsFaAh0cQ4oSwRoCEsFaAh0cQ8oSwVoBUsFaAh0cRAoSwVoCEsGaAh0cREoSwZoBUsFaAV0cRIoSwZoCEsHaAV0cRMoSwdoBUsFaAh0cRQoSwdoCEsIaAh0cRUoSwhoBUsCaAV0cRYoSwhoCEsJaAh0cRcoSwloBUsCaAV0cRgoSwloCEsKaAh0cRkoSwpoBUsCaAh0cRooSwpoCEsEaAV0cRt0cRxYDQAAAGluaXRpYWxfc3RhdGVxHUsBWA4AAABpbml0aWFsX2FjdGlvbnEeaAVYCgAAAG51bV9zdGF0ZXNxH0sKWBQAAABtdXRhdGlvbl9wcm9iYWJpbGl0eXEgRz+5mZmZmZmadS4=
6,2.655061467889908,0.07339990124013869,2.768073394495413,gANjY29sbGVjdGlvbnMKT3JkZXJlZERpY3QKcQApUnEBKFgLAAAAdHJhbnNpdGlvbnNxAigoSwFjYXhlbHJvZC5hY3Rpb24KQWN0aW9uCnEDSwCFcQRScQVLAmgFdHEGKEsBaANLAYVxB1JxCEsDaAh0cQkoSwJoBUsBaAV0cQooSwJoCEsEaAh0cQsoSwNoBUsEaAV0cQwoSwNoCEsFaAh0cQ0oSwRoBUsFaAh0cQ4oSwRoCEsFaAh0cQ8oSwVoBUsFaAh0cRAoSwVoCEsGaAh0cREoSwZoBUsFaAV0cRIoSwZoCEsHaAV0cRMoSwdoBUsFaAh0cRQoSwdoCEsIaAh0cRUoSwhoBUsCaAV0cRYoSwhoCEsJaAh0cRcoSwloBUsCaAV0cRgoSwloCEsKaAh0cRkoSwpoBUsCaAh0cRooSwpoCEsEaAV0cRt0cRxYDQAAAGluaXRpYWxfc3RhdGVxHUsBWA4AAABpbml0aWFsX2FjdGlvbnEeaAVYCgAAAG51bV9zdGF0ZXNxH0sKWBQAAABtdXRhdGlvbl9wcm9iYWJpbGl0eXEgRz+5mZmZmZmadS4=
7,2.666675229357798,0.08833240404809214,2.7775688073394496,gANjY29sbGVjdGlvbnMKT3JkZXJlZERpY3QKcQApUnEBKFgLAAAAdHJhbnNpdGlvbnNxAigoSwFjYXhlbHJvZC5hY3Rpb24KQWN0aW9uCnEDSwCFcQRScQVLAmgFdHEGKEsBaANLAYVxB1JxCEsDaAh0cQkoSwJoBUsCaAV0cQooSwJoCEsDaAh0cQsoSwNoBUsEaAV0cQwoSwNoCEsFaAh0cQ0oSwRoBUsFaAh0cQ4oSwRoCEsGaAV0cQ8oSwVoBUsFaAh0cRAoSwVoCEsGaAh0cREoSwZoBUsFaAV0cRIoSwZoCEsFaAV0cRMoSwdoBUsFaAh0cRQoSwdoCEsIaAh0cRUoSwhoBUsCaAh0cRYoSwhoCEsJaAh0cRcoSwloBUsCaAV0cRgoSwloCEsKaAh0cRkoSwpoBUsCaAh0cRooSwpoCEsEaAV0cRt0cRxYDQAAAGluaXRpYWxfc3RhdGVxHUsBWA4AAABpbml0aWFsX2FjdGlvbnEeaAVYCgAAAG51bV9zdGF0ZXNxH0sKWBQAAABtdXRhdGlvbl9wcm9iYWJpbGl0eXEgRz+5mZmZmZmadS4=
8,2.6624261467889907,0.09325491179999772,2.779403669724771,gANjY29sbGVjdGlvbnMKT3JkZXJlZERpY3QKcQApUnEBKFgLAAAAdHJhbnNpdGlvbnNxAigoSwFjYXhlbHJvZC5hY3Rpb24KQWN0aW9uCnEDSwCFcQRScQVLAmgFdHEGKEsBaANLAYVxB1JxCEsDaAh0cQkoSwJoBUsCaAV0cQooSwJoCEsDaAh0cQsoSwNoBUsEaAV0cQwoSwNoCEsFaAh0cQ0oSwRoBUsFaAh0cQ4oSwRoCEsGaAV0cQ8oSwVoBUsFaAh0cRAoSwVoCEsGaAh0cREoSwZoBUsFaAV0cRIoSwZoCEsFaAV0cRMoSwdoBUsFaAh0cRQoSwdoCEsIaAh0cRUoSwhoBUsCaAh0cRYoSwhoCEsJaAh0cRcoSwloBUsCaAV0cRgoSwloCEsKaAh0cRkoSwpoBUsCaAV0cRooSwpoCEsEaAV0cRt0cRxYDQAAAGluaXRpYWxfc3RhdGVxHUsBWA4AAABpbml0aWFsX2FjdGlvbnEeaAVYCgAAAG51bV9zdGF0ZXNxH0sKWBQAAABtdXRhdGlvbl9wcm9iYWJpbGl0eXEgRz+5mZmZmZmadS4=
9,2.6651743119266054,0.08787985903362068,2.7875688073394493,gANjY29sbGVjdGlvbnMKT3JkZXJlZERpY3QKcQApUnEBKFgLAAAAdHJhbnNpdGlvbnNxAigoSwFjYXhlbHJvZC5hY3Rpb24KQWN0aW9uCnEDSwCFcQRScQVLAmgFdHEGKEsBaANLAYVxB1JxCEsDaAh0cQkoSwJoBUsCaAV0cQooSwJoCEsDaAh0cQsoSwNoBUsEaAV0cQwoSwNoCEsFaAh0cQ0oSwRoBUsFaAh0cQ4oSwRoCEsGaAV0cQ8oSwVoBUsFaAh0cRAoSwVoCEsGaAh0cREoSwZoBUsFaAV0cRIoSwZoCEsFaAV0cRMoSwdoBUsFaAh0cRQoSwdoCEsIaAh0cRUoSwhoBUsCaAh0cRYoSwhoCEsJaAh0cRcoSwloBUsCaAV0cRgoSwloCEsKaAh0cRkoSwpoBUsCaAh0cRooSwpoCEsEaAV0cRt0cRxYDQAAAGluaXRpYWxfc3RhdGVxHUsBWA4AAABpbml0aWFsX2FjdGlvbnEeaAVYCgAAAG51bV9zdGF0ZXNxH0sKWBQAAABtdXRhdGlvbl9wcm9iYWJpbGl0eXEgRz+5mZmZmZmadS4=
10,2.6688050458715598,0.09990033021667591,2.786697247706422,gANjY29sbGVjdGlvbnMKT3JkZXJlZERpY3QKcQApUnEBKFgLAAAAdHJhbnNpdGlvbnNxAigoSwFjYXhlbHJvZC5hY3Rpb24KQWN0aW9uCnEDSwCFcQRScQVLAmgFdHEGKEsBaANLAYVxB1JxCEsDaAh0cQkoSwJoBUsCaAV0cQooSwJoCEsDaAh0cQsoSwNoBUsEaAV0cQwoSwNoCEsFaAh0cQ0oSwRoBUsFaAh0cQ4oSwRoCEsGaAV0cQ8oSwVoBUsFaAh0cRAoSwVoCEsGaAh0cREoSwZoBUsFaAV0cRIoSwZoCEsFaAh0cRMoSwdoBUsFaAh0cRQoSwdoCEsIaAh0cRUoSwhoBUsCaAh0cRYoSwhoCEsJaAh0cRcoSwloBUsFaAV0cRgoSwloCEsHaAh0cRkoSwpoBUsCaAh0cRooSwpoCEsEaAV0cRt0cRxYDQAAAGluaXRpYWxfc3RhdGVxHUsBWA4AAABpbml0aWFsX2FjdGlvbnEeaAVYCgAAAG51bV9zdGF0ZXNxH0sKWBQAAABtdXRhdGlvbl9wcm9iYWJpbGl0eXEgRz+5mZmZmZmadS4=
11,2.654152752293578,0.11628367288100716,2.793073394495413,gANjY29sbGVjdGlvbnMKT3JkZXJlZERpY3QKcQApUnEBKFgLAAAAdHJhbnNpdGlvbnNxAigoSwFjYXhlbHJvZC5hY3Rpb24KQWN0aW9uCnEDSwCFcQRScQVLAmgFdHEGKEsBaANLAYVxB1JxCEsDaAh0cQkoSwJoBUsCaAV0cQooSwJoCEsDaAh0cQsoSwNoBUsEaAV0cQwoSwNoCEsFaAh0cQ0oSwRoBUsFaAh0cQ4oSwRoCEsGaAV0cQ8oSwVoBUsFaAh0cRAoSwVoCEsGaAh0cREoSwZoBUsFaAV0cRIoSwZoCEsFaAh0cRMoSwdoBUsFaAh0cRQoSwdoCEsIaAh0cRUoSwhoBUsFaAh0cRYoSwhoCEsFaAV0cRcoSwloBUsCaAh0cRgoSwloCEsKaAV0cRkoSwpoBUsCaAh0cRooSwpoCEsEaAh0cRt0cRxYDQAAAGluaXRpYWxfc3RhdGVxHUsBWA4AAABpbml0aWFsX2FjdGlvbnEeaAVYCgAAAG51bV9zdGF0ZXNxH0sKWBQAAABtdXRhdGlvbl9wcm9iYWJpbGl0eXEgRz+5mZmZmZmadS4=
12,2.6688050458715598,0.10453061854584184,2.793669724770642,gANjY29sbGVjdGlvbnMKT3JkZXJlZERpY3QKcQApUnEBKFgLAAAAdHJhbnNpdGlvbnNxAigoSwFjYXhlbHJvZC5hY3Rpb24KQWN0aW9uCnEDSwCFcQRScQVLAmgFdHEGKEsBaANLAYVxB1JxCEsDaAh0cQkoSwJoBUsCaAV0cQooSwJoCEsDaAh0cQsoSwNoBUsEaAV0cQwoSwNoCEsFaAh0cQ0oSwRoBUsFaAh0cQ4oSwRoCEsGaAV0cQ8oSwVoBUsFaAh0cRAoSwVoCEsGaAh0cREoSwZoBUsFaAV0cRIoSwZoCEsFaAh0cRMoSwdoBUsFaAh0cRQoSwdoCEsIaAh0cRUoSwhoBUsCaAh0cRYoSwhoCEsJaAh0cRcoSwloBUsFaAV0cRgoSwloCEsHaAh0cRkoSwpoBUsCaAh0cRooSwpoCEsEaAV0cRt0cRxYDQAAAGluaXRpYWxfc3RhdGVxHUsBWA4AAABpbml0aWFsX2FjdGlvbnEeaAVYCgAAAG51bV9zdGF0ZXNxH0sKWBQAAABtdXRhdGlvbl9wcm9iYWJpbGl0eXEgRz+5mZmZmZmadS4=
13,2.667281651376147,0.10593180091334091,2.794724770642202,gANjY29sbGVjdGlvbnMKT3JkZXJlZERpY3QKcQApUnEBKFgLAAAAdHJhbnNpdGlvbnNxAigoSwFjYXhlbHJvZC5hY3Rpb24KQWN0aW9uCnEDSwCFcQRScQVLAmgFdHEGKEsBaANLAYVxB1JxCEsDaAh0cQkoSwJoBUsCaAV0cQooSwJoCEsDaAh0cQsoSwNoBUsEaAV0cQwoSwNoCEsFaAh0cQ0oSwRoBUsFaAV0cQ4oSwRoCEsGaAV0cQ8oSwVoBUsFaAh0cRAoSwVoCEsGaAh0cREoSwZoBUsFaAV0cRIoSwZoCEsFaAh0cRMoSwdoBUsFaAV0cRQoSwdoCEsIaAh0cRUoSwhoBUsCaAh0cRYoSwhoCEsJaAV0cRcoSwloBUsCaAV0cRgoSwloCEsKaAh0cRkoSwpoBUsCaAV0cRooSwpoCEsEaAV0cRt0cRxYDQAAAGluaXRpYWxfc3RhdGVxHUsBWA4AAABpbml0aWFsX2FjdGlvbnEeaAVYCgAAAG51bV9zdGF0ZXNxH0sKWBQAAABtdXRhdGlvbl9wcm9iYWJpbGl0eXEgRz+5mZmZmZmadS4=
14,2.6682642201834863,0.10101443892987351,2.7950000000000004,gANjY29sbGVjdGlvbnMKT3JkZXJlZERpY3QKcQApUnEBKFgLAAAAdHJhbnNpdGlvbnNxAigoSwFjYXhlbHJvZC5hY3Rpb24KQWN0aW9uCnEDSwCFcQRScQVLAmgFdHEGKEsBaANLAYVxB1JxCEsDaAh0cQkoSwJoBUsCaAV0cQooSwJoCEsDaAh0cQsoSwNoBUsEaAV0cQwoSwNoCEsFaAh0cQ0oSwRoBUsFaAV0cQ4oSwRoCEsGaAV0cQ8oSwVoBUsFaAh0cRAoSwVoCEsGaAh0cREoSwZoBUsFaAV0cRIoSwZoCEsFaAh0cRMoSwdoBUsFaAV0cRQoSwdoCEsIaAh0cRUoSwhoBUsFaAh0cRYoSwhoCEsFaAV0cRcoSwloBUsCaAV0cRgoSwloCEsKaAV0cRkoSwpoBUsCaAV0cRooSwpoCEsEaAh0cRt0cRxYDQAAAGluaXRpYWxfc3RhdGVxHUsBWA4AAABpbml0aWFsX2FjdGlvbnEeaAVYCgAAAG51bV9zdGF0ZXNxH0sKWBQAAABtdXRhdGlvbl9wcm9iYWJpbGl0eXEgRz+5mZmZmZmadS4=
15,2.6647532110091743,0.10097379155551137,2.7969724770642204,gANjY29sbGVjdGlvbnMKT3JkZXJlZERpY3QKcQApUnEBKFgLAAAAdHJhbnNpdGlvbnNxAigoSwFjYXhlbHJvZC5hY3Rpb24KQWN0aW9uCnEDSwCFcQRScQVLAmgFdHEGKEsBaANLAYVxB1JxCEsDaAh0cQkoSwJoBUsCaAV0cQooSwJoCEsDaAh0cQsoSwNoBUsEaAV0cQwoSwNoCEsFaAh0cQ0oSwRoBUsFaAV0cQ4oSwRoCEsGaAV0cQ8oSwVoBUsFaAh0cRAoSwVoCEsGaAh0cREoSwZoBUsFaAV0cRIoSwZoCEsFaAh0cRMoSwdoBUsFaAV0cRQoSwdoCEsIaAh0cRUoSwhoBUsCaAV0cRYoSwhoCEsJaAV0cRcoSwloBUsCaAV0cRgoSwloCEsKaAV0cRkoSwpoBUsCaAV0cRooSwpoCEsEaAV0cRt0cRxYDQAAAGluaXRpYWxfc3RhdGVxHUsBWA4AAABpbml0aWFsX2FjdGlvbnEeaAVYCgAAAG51bV9zdGF0ZXNxH0sKWBQAAABtdXRhdGlvbl9wcm9iYWJpbGl0eXEgRz+5mZmZmZmadS4=
16,2.6729233944954127,0.09769378710893138,2.7996330275229355,gANjY29sbGVjdGlvbnMKT3JkZXJlZERpY3QKcQApUnEBKFgLAAAAdHJhbnNpdGlvbnNxAigoSwFjYXhlbHJvZC5hY3Rpb24KQWN0aW9uCnEDSwCFcQRScQVLAmgFdHEGKEsBaANLAYVxB1JxCEsDaAh0cQkoSwJoBUsCaAV0cQooSwJoCEsDaAh0cQsoSwNoBUsEaAV0cQwoSwNoCEsFaAh0cQ0oSwRoBUsFaAV0cQ4oSwRoCEsGaAV0cQ8oSwVoBUsFaAh0cRAoSwVoCEsIaAh0cREoSwZoBUsFaAV0cRIoSwZoCEsFaAh0cRMoSwdoBUsFaAh0cRQoSwdoCEsGaAh0cRUoSwhoBUsFaAh0cRYoSwhoCEsFaAV0cRcoSwloBUsCaAV0cRgoSwloCEsKaAV0cRkoSwpoBUsCaAV0cRooSwpoCEsEaAh0cRt0cRxYDQAAAGluaXRpYWxfc3RhdGVxHUsBWA4AAABpbml0aWFsX2FjdGlvbnEeaAVYCgAAAG51bV9zdGF0ZXNxH0sKWBQAAABtdXRhdGlvbl9wcm9iYWJpbGl0eXEgRz+5mZmZmZmadS4=
17,2.6536105504587155,0.12361416011002581,2.8032110091743125,gANjY29sbGVjdGlvbnMKT3JkZXJlZERpY3QKcQApUnEBKFgLAAAAdHJhbnNpdGlvbnNxAigoSwFjYXhlbHJvZC5hY3Rpb24KQWN0aW9uCnEDSwCFcQRScQVLAmgFdHEGKEsBaANLAYVxB1JxCEsDaAh0cQkoSwJoBUsCaAV0cQooSwJoCEsDaAh0cQsoSwNoBUsEaAV0cQwoSwNoCEsFaAh0cQ0oSwRoBUsFaAV0cQ4oSwRoCEsGaAV0cQ8oSwVoBUsFaAh0cRAoSwVoCEsGaAh0cREoSwZoBUsFaAh0cRIoSwZoCEsHaAh0cRMoSwdoBUsFaAh0cRQoSwdoCEsFaAV0cRUoSwhoBUsFaAh0cRYoSwhoCEsIaAV0cRcoSwloBUsCaAV0cRgoSwloCEsKaAV0cRkoSwpoBUsCaAV0cRooSwpoCEsEaAh0cRt0cRxYDQAAAGluaXRpYWxfc3RhdGVxHUsBWA4AAABpbml0aWFsX2FjdGlvbnEeaAVYCgAAAG51bV9zdGF0ZXNxH0sKWBQAAABtdXRhdGlvbl9wcm9iYWJpbGl0eXEgRz+5mZmZmZmadS4=
18,2.665083486238532,0.1127690879580436,2.8045871559633033,gANjY29sbGVjdGlvbnMKT3JkZXJlZERpY3QKcQApUnEBKFgLAAAAdHJhbnNpdGlvbnNxAigoSwFjYXhlbHJvZC5hY3Rpb24KQWN0aW9uCnEDSwCFcQRScQVLAmgFdHEGKEsBaANLAYVxB1JxCEsDaAh0cQkoSwJoBUsCaAV0cQooSwJoCEsDaAh0cQsoSwNoBUsEaAV0cQwoSwNoCEsFaAh0cQ0oSwRoBUsFaAV0cQ4oSwRoCEsGaAV0cQ8oSwVoBUsFaAh0cRAoSwVoCEsGaAh0cREoSwZoBUsFaAh0cRIoSwZoCEsHaAh0cRMoSwdoBUsFaAh0cRQoSwdoCEsFaAV0cRUoSwhoBUsFaAh0cRYoSwhoCEsIaAV0cRcoSwloBUsCaAV0cRgoSwloCEsKaAV0cRkoSwpoBUsCaAV0cRooSwpoCEsEaAh0cRt0cRxYDQAAAGluaXRpYWxfc3RhdGVxHUsBWA4AAABpbml0aWFsX2FjdGlvbnEeaAVYCgAAAG51bV9zdGF0ZXNxH0sKWBQAAABtdXRhdGlvbl9wcm9iYWJpbGl0eXEgRz+5mZmZmZmadS4=
19,2.6669201834862384,0.10815081591189629,2.8046788990825684,gANjY29sbGVjdGlvbnMKT3JkZXJlZERpY3QKcQApUnEBKFgLAAAAdHJhbnNpdGlvbnNxAigoSwFjYXhlbHJvZC5hY3Rpb24KQWN0aW9uCnEDSwCFcQRScQVLAmgFdHEGKEsBaANLAYVxB1JxCEsDaAh0cQkoSwJoBUsCaAV0cQooSwJoCEsDaAh0cQsoSwNoBUsEaAV0cQwoSwNoCEsFaAh0cQ0oSwRoBUsFaAV0cQ4oSwRoCEsGaAV0cQ8oSwVoBUsFaAh0cRAoSwVoCEsGaAh0cREoSwZoBUsFaAh0cRIoSwZoCEsHaAh0cRMoSwdoBUsFaAh0cRQoSwdoCEsFaAV0cRUoSwhoBUsFaAh0cRYoSwhoCEsIaAV0cRcoSwloBUsCaAV0cRgoSwloCEsKaAV0cRkoSwpoBUsCaAh0cRooSwpoCEsEaAh0cRt0cRxYDQAAAGluaXRpYWxfc3RhdGVxHUsBWA4AAABpbml0aWFsX2FjdGlvbnEeaAVYCgAAAG51bV9zdGF0ZXNxH0sKWBQAAABtdXRhdGlvbl9wcm9iYWJpbGl0eXEgRz+5mZmZmZmadS4=
20,2.6817770642201837,0.10723703096662937,2.811651376146789,gANjY29sbGVjdGlvbnMKT3JkZXJlZERpY3QKcQApUnEBKFgLAAAAdHJhbnNpdGlvbnNxAigoSwFjYXhlbHJvZC5hY3Rpb24KQWN0aW9uCnEDSwCFcQRScQVLAmgFdHEGKEsBaANLAYVxB1JxCEsDaAh0cQkoSwJoBUsCaAV0cQooSwJoCEsDaAh0cQsoSwNoBUsEaAV0cQwoSwNoCEsFaAh0cQ0oSwRoBUsFaAV0cQ4oSwRoCEsGaAV0cQ8oSwVoBUsFaAh0cRAoSwVoCEsGaAh0cREoSwZoBUsFaAh0cRIoSwZoCEsHaAh0cRMoSwdoBUsFaAh0cRQoSwdoCEsIaAV0cRUoSwhoBUsFaAV0cRYoSwhoCEsFaAh0cRcoSwloBUsCaAV0cRgoSwloCEsKaAV0cRkoSwpoBUsCaAV0cRooSwpoCEsEaAV0cRt0cRxYDQAAAGluaXRpYWxfc3RhdGVxHUsBWA4AAABpbml0aWFsX2FjdGlvbnEeaAVYCgAAAG51bV9zdGF0ZXNxH0sKWBQAAABtdXRhdGlvbl9wcm9iYWJpbGl0eXEgRz+5mZmZmZmadS4=
21,2.629265596330275,0.13287521263111868,2.809220183486239,gANjY29sbGVjdGlvbnMKT3JkZXJlZERpY3QKcQApUnEBKFgLAAAAdHJhbnNpdGlvbnNxAigoSwFjYXhlbHJvZC5hY3Rpb24KQWN0aW9uCnEDSwCFcQRScQVLAmgFdHEGKEsBaANLAYVxB1JxCEsDaAh0cQkoSwJoBUsCaAV0cQooSwJoCEsDaAh0cQsoSwNoBUsEaAV0cQwoSwNoCEsFaAh0cQ0oSwRoBUsFaAV0cQ4oSwRoCEsGaAV0cQ8oSwVoBUsFaAh0cRAoSwVoCEsGaAh0cREoSwZoBUsFaAh0cRIoSwZoCEsHaAh0cRMoSwdoBUsFaAh0cRQoSwdoCEsFaAV0cRUoSwhoBUsFaAh0cRYoSwhoCEsFaAV0cRcoSwloBUsCaAV0cRgoSwloCEsKaAV0cRkoSwpoBUsCaAV0cRooSwpoCEsEaAh0cRt0cRxYDQAAAGluaXRpYWxfc3RhdGVxHUsBWA4AAABpbml0aWFsX2FjdGlvbnEeaAVYCgAAAG51bV9zdGF0ZXNxH0sKWBQAAABtdXRhdGlvbl9wcm9iYWJpbGl0eXEgRz+5mZmZmZmadS4=
1,2.6690779816513763,0.004410948208985004,2.6742660550458717,gANjY29sbGVjdGlvbnMKT3JkZXJlZERpY3QKcQApUnEBKFgLAAAAdHJhbnNpdGlvbnNxAigoSwFjYXhlbHJvZC5hY3Rpb24KQWN0aW9uCnEDSwCFcQRScQVLAmgFdHEGKEsBaANLAYVxB1JxCEsDaAh0cQkoSwJoBUsBaAV0cQooSwJoCEsEaAh0cQsoSwNoBUsEaAV0cQwoSwNoCEsFaAh0cQ0oSwRoBUsFaAh0cQ4oSwRoCEsGaAh0cQ8oSwVoBUsCaAV0cRAoSwVoCEsJaAh0cREoSwZoBUsFaAh0cRIoSwZoCEsHaAh0cRMoSwdoBUsFaAV0cRQoSwdoCEsIaAh0cRUoSwhoBUsFaAh0cRYoSwhoCEsFaAV0cRcoSwloBUsCaAV0cRgoSwloCEsKaAV0cRkoSwpoBUsCaAV0cRooSwpoCEsEaAh0cRt0cRxYDQAAAGluaXRpYWxfc3RhdGVxHUsBWA4AAABpbml0aWFsX2FjdGlvbnEeaAVYCgAAAG51bV9zdGF0ZXNxH0sKWBQAAABtdXRhdGlvbl9wcm9iYWJpbGl0eXEgRz+5mZmZmZmadS4=
2,2.6335894495412844,0.05330580348409945,2.683807339449541,gANjY29sbGVjdGlvbnMKT3JkZXJlZERpY3QKcQApUnEBKFgLAAAAdHJhbnNpdGlvbnNxAigoSwFjYXhlbHJvZC5hY3Rpb24KQWN0aW9uCnEDSwCFcQRScQVLAmgFdHEGKEsBaANLAYVxB1JxCEsDaAh0cQkoSwJoBUsBaAV0cQooSwJoCEsEaAV0cQsoSwNoBUsEaAV0cQwoSwNoCEsFaAh0cQ0oSwRoBUsFaAV0cQ4oSwRoCEsGaAh0cQ8oSwVoBUsCaAh0cRAoSwVoCEsJaAh0cREoSwZoBUsFaAV0cRIoSwZoCEsHaAh0cRMoSwdoBUsFaAV0cRQoSwdoCEsIaAh0cRUoSwhoBUsFaAV0cRYoSwhoCEsFaAV0cRcoSwloBUsCaAV0cRgoSwloCEsKaAV0cRkoSwpoBUsCaAV0cRooSwpoCEsEaAh0cRt0cRxYDQAAAGluaXRpYWxfc3RhdGVxHUsBWA4AAABpbml0aWFsX2FjdGlvbnEeaAVYCgAAAG51bV9zdGF0ZXNxH0sKWBQAAABtdXRhdGlvbl9wcm9iYWJpbGl0eXEgRz+5mZmZmZmadS4=
3,2.6576559633027523,0.02294683632585415,2.6804128440366974,gANjY29sbGVjdGlvbnMKT3JkZXJlZERpY3QKcQApUnEBKFgLAAAAdHJhbnNpdGlvbnNxAigoSwFjYXhlbHJvZC5hY3Rpb24KQWN0aW9uCnEDSwCFcQRScQVLAmgFdHEGKEsBaANLAYVxB1JxCEsDaAh0cQkoSwJoBUsBaAV0cQooSwJoCEsEaAh0cQsoSwNoBUsEaAV0cQwoSwNoCEsFaAh0cQ0oSwRoBUsFaAh0cQ4oSwRoCEsGaAV0cQ8oSwVoBUsCaAV0cRAoSwVoCEsJaAh0cREoSwZoBUsFaAh0cRIoSwZoCEsHaAh0cRMoSwdoBUsFaAV0cRQoSwdoCEsIaAh0cRUoSwhoBUsFaAh0cRYoSwhoCEsFaAV0cRcoSwloBUsCaAV0cRgoSwloCEsKaAV0cRkoSwpoBUsCaAh0cRooSwpoCEsEaAh0cRt0cRxYDQAAAGluaXRpYWxfc3RhdGVxHUsBWA4AAABpbml0aWFsX2FjdGlvbnEeaAVYCgAAAG51bV9zdGF0ZXNxH0sKWBQAAABtdXRhdGlvbl9wcm9iYWJpbGl0eXEgRz+5mZmZmZmadS4=
4,2.6596628440366974,0.04002796891409298,2.7021100917431196,gANjY29sbGVjdGlvbnMKT3JkZXJlZERpY3QKcQApUnEBKFgLAAAAdHJhbnNpdGlvbnNxAigoSwFjYXhlbHJvZC5hY3Rpb24KQWN0aW9uCnEDSwCFcQRScQVLAmgFdHEGKEsBaANLAYVxB1JxCEsDaAh0cQkoSwJoBUsBaAV0cQooSwJoCEsEaAh0cQsoSwNoBUsEaAV0cQwoSwNoCEsFaAh0cQ0oSwRoBUsCaAV0cQ4oSwRoCEsJaAh0cQ8oSwVoBUsFaAh0cRAoSwVoCEsGaAV0cREoSwZoBUsFaAh0cRIoSwZoCEsHaAh0cRMoSwdoBUsFaAV0cRQoSwdoCEsIaAh0cRUoSwhoBUsFaAh0cRYoSwhoCEsFaAV0cRcoSwloBUsCaAV0cRgoSwloCEsKaAV0cRkoSwpoBUsCaAh0cRooSwpoCEsEaAh0cRt0cRxYDQAAAGluaXRpYWxfc3RhdGVxHUsBWA4AAABpbml0aWFsX2FjdGlvbnEeaAVYCgAAAG51bV9zdGF0ZXNxH0sKWBQAAABtdXRhdGlvbl9wcm9iYWJpbGl0eXEgRz+5mZmZmZmadS4=
5,2.654238532110092,0.06641918362849653,2.714954128440367,gANjY29sbGVjdGlvbnMKT3JkZXJlZERpY3QKcQApUnEBKFgLAAAAdHJhbnNpdGlvbnNxAigoSwFjYXhlbHJvZC5hY3Rpb24KQWN0aW9uCnEDSwCFcQRScQVLAmgFdHEGKEsBaANLAYVxB1JxCEsDaAh0cQkoSwJoBUsBaAV0cQooSwJoCEsEaAh0cQsoSwNoBUsEaAV0cQwoSwNoCEsFaAh0cQ0oSwRoBUsCaAV0cQ4oSwRoCEsJaAh0cQ8oSwVoBUsFaAh0cRAoSwVoCEsGaAV0cREoSwZoBUsFaAh0cRIoSwZoCEsHaAh0cRMoSwdoBUsFaAV0cRQoSwdoCEsIaAh0cRUoSwhoBUsFaAh0cRYoSwhoCEsFaAV0cRcoSwloBUsCaAV0cRgoSwloCEsKaAV0cRkoSwpoBUsCaAh0cRooSwpoCEsEaAh0cRt0cRxYDQAAAGluaXRpYWxfc3RhdGVxHUsBWA4AAABpbml0aWFsX2FjdGlvbnEeaAVYCgAAAG51bV9zdGF0ZXNxH0sKWBQAAABtdXRhdGlvbl9wcm9iYWJpbGl0eXEgRz+5mZmZmZmadS4=
1,2.671848623853211,0.0037102719808486885,2.6789908256880732,gANjY29sbGVjdGlvbnMKT3JkZXJlZERpY3QKcQApUnEBKFgLAAAAdHJhbnNpdGlvbnNxAigoSwFjYXhlbHJvZC5hY3Rpb24KQWN0aW9uCnEDSwCFcQRScQVLAmgFdHEGKEsBaANLAYVxB1JxCEsDaAh0cQkoSwJoBUsBaAV0cQooSwJoCEsEaAh0cQsoSwNoBUsEaAV0cQwoSwNoCEsFaAh0cQ0oSwRoBUsFaAh0cQ4oSwRoCEsGaAh0cQ8oSwVoBUsCaAV0cRAoSwVoCEsJaAh0cREoSwZoBUsFaAh0cRIoSwZoCEsHaAh0cRMoSwdoBUsFaAV0cRQoSwdoCEsIaAh0cRUoSwhoBUsFaAh0cRYoSwhoCEsFaAV0cRcoSwloBUsCaAV0cRgoSwloCEsKaAV0cRkoSwpoBUsCaAV0cRooSwpoCEsEaAh0cRt0cRxYDQAAAGluaXRpYWxfc3RhdGVxHUsBWA4AAABpbml0aWFsX2FjdGlvbnEeaAVYCgAAAG51bV9zdGF0ZXNxH0sKWBQAAABtdXRhdGlvbl9wcm9iYWJpbGl0eXEgRz+5mZmZmZmadS4=
2,2.647678899082569,0.041040988316475596,2.675917431192661,gANjY29sbGVjdGlvbnMKT3JkZXJlZERpY3QKcQApUnEBKFgLAAAAdHJhbnNpdGlvbnNxAigoSwFjYXhlbHJvZC5hY3Rpb24KQWN0aW9uCnEDSwCFcQRScQVLAmgFdHEGKEsBaANLAYVxB1JxCEsDaAh0cQkoSwJoBUsBaAV0cQooSwJoCEsEaAh0cQsoSwNoBUsEaAV0cQwoSwNoCEsFaAh0cQ0oSwRoBUsFaAh0cQ4oSwRoCEsGaAh0cQ8oSwVoBUsCaAV0cRAoSwVoCEsJaAh0cREoSwZoBUsFaAh0cRIoSwZoCEsHaAh0cRMoSwdoBUsFaAV0cRQoSwdoCEsIaAh0cRUoSwhoBUsFaAh0cRYoSwhoCEsFaAV0cRcoSwloBUsCaAV0cRgoSwloCEsKaAV0cRkoSwpoBUsCaAV0cRooSwpoCEsEaAh0cRt0cRxYDQAAAGluaXRpYWxfc3RhdGVxHUsBWA4AAABpbml0aWFsX2FjdGlvbnEeaAVYCgAAAG51bV9zdGF0ZXNxH0sKWBQAAABtdXRhdGlvbl9wcm9iYWJpbGl0eXEgRz+5mZmZmZmadS4=
3,2.649704128440367,0.044887899339021306,2.713669724770642,gANjY29sbGVjdGlvbnMKT3JkZXJlZERpY3QKcQApUnEBKFgLAAAAdHJhbnNpdGlvbnNxAigoSwFjYXhlbHJvZC5hY3Rpb24KQWN0aW9uCnEDSwCFcQRScQVLAmgFdHEGKEsBaANLAYVxB1JxCEsDaAh0cQkoSwJoBUsBaAV0cQooSwJoCEsEaAh0cQsoSwNoBUsEaAV0cQwoSwNoCEsFaAh0cQ0oSwRoBUsFaAh0cQ4oSwRoCEsGaAh0cQ8oSwVoBUsFaAh0cRAoSwVoCEsHaAh0cREoSwZoBUsCaAV0cRIoSwZoCEsJaAh0cRMoSwdoBUsFaAV0cRQoSwdoCEsIaAV0cRUoSwhoBUsFaAh0cRYoSwhoCEsFaAV0cRcoSwloBUsCaAV0cRgoSwloCEsKaAV0cRkoSwpoBUsCaAh0cRooSwpoCEsEaAh0cRt0cRxYDQAAAGluaXRpYWxfc3RhdGVxHUsBWA4AAABpbml0aWFsX2FjdGlvbnEeaAVYCgAAAG51bV9zdGF0ZXNxH0sKWBQAAABtdXRhdGlvbl9wcm9iYWJpbGl0eXEgRz+5mZmZmZmadS4=
4,2.664646788990826,0.02158508696518655,2.709082568807339,gANjY29sbGVjdGlvbnMKT3JkZXJlZERpY3QKcQApUnEBKFgLAAAAdHJhbnNpdGlvbnNxAigoSwFjYXhlbHJvZC5hY3Rpb24KQWN0aW9uCnEDSwCFcQRScQVLAmgFdHEGKEsBaANLAYVxB1JxCEsDaAh0cQkoSwJoBUsBaAV0cQooSwJoCEsEaAh0cQsoSwNoBUsEaAV0cQwoSwNoCEsFaAh0cQ0oSwRoBUsFaAh0cQ4oSwRoCEsGaAh0cQ8oSwVoBUsFaAh0cRAoSwVoCEsHaAh0cREoSwZoBUsCaAV0cRIoSwZoCEsJaAh0cRMoSwdoBUsFaAV0cRQoSwdoCEsIaAV0cRUoSwhoBUsFaAh0cRYoSwhoCEsFaAV0cRcoSwloBUsCaAV0cRgoSwloCEsKaAV0cRkoSwpoBUsCaAh0cRooSwpoCEsEaAh0cRt0cRxYDQAAAGluaXRpYWxfc3RhdGVxHUsBWA4AAABpbml0aWFsX2FjdGlvbnEeaAVYCgAAAG51bV9zdGF0ZXNxH0sKWBQAAABtdXRhdGlvbl9wcm9iYWJpbGl0eXEgRz+5mZmZmZmadS4=
5,2.659873853211009,0.054866329663601464,2.713211009174312,gANjY29sbGVjdGlvbnMKT3JkZXJlZERpY3QKcQApUnEBKFgLAAAAdHJhbnNpdGlvbnNxAigoSwFjYXhlbHJvZC5hY3Rpb24KQWN0aW9uCnEDSwCFcQRScQVLAmgFdHEGKEsBaANLAYVxB1JxCEsDaAh0cQkoSwJoBUsBaAV0cQooSwJoCEsEaAh0cQsoSwNoBUsEaAV0cQwoSwNoCEsFaAh0cQ0oSwRoBUsFaAh0cQ4oSwRoCEsGaAh0cQ8oSwVoBUsFaAh0cRAoSwVoCEsHaAh0cREoSwZoBUsCaAV0cRIoSwZoCEsJaAh0cRMoSwdoBUsFaAV0cRQoSwdoCEsIaAV0cRUoSwhoBUsFaAh0cRYoSwhoCEsFaAV0cRcoSwloBUsCaAV0cRgoSwloCEsKaAV0cRkoSwpoBUsCaAh0cRooSwpoCEsEaAh0cRt0cRxYDQAAAGluaXRpYWxfc3RhdGVxHUsBWA4AAABpbml0aWFsX2FjdGlvbnEeaAVYCgAAAG51bV9zdGF0ZXNxH0sKWBQAAABtdXRhdGlvbl9wcm9iYWJpbGl0eXEgRz+5mZmZmZmadS4=
6,2.6556926605504585,0.05703401015284631,2.7183944954128436,gANjY29sbGVjdGlvbnMKT3JkZXJlZERpY3QKcQApUnEBKFgLAAAAdHJhbnNpdGlvbnNxAigoSwFjYXhlbHJvZC5hY3Rpb24KQWN0aW9uCnEDSwCFcQRScQVLAmgFdHEGKEsBaANLAYVxB1JxCEsDaAh0cQkoSwJoBUsBaAV0cQooSwJoCEsEaAh0cQsoSwNoBUsEaAV0cQwoSwNoCEsFaAh0cQ0oSwRoBUsFaAh0cQ4oSwRoCEsGaAh0cQ8oSwVoBUsFaAh0cRAoSwVoCEsHaAh0cREoSwZoBUsCaAV0cRIoSwZoCEsJaAh0cRMoSwdoBUsFaAV0cRQoSwdoCEsIaAV0cRUoSwhoBUsFaAh0cRYoSwhoCEsFaAV0cRcoSwloBUsCaAV0cRgoSwloCEsKaAV0cRkoSwpoBUsCaAh0cRooSwpoCEsEaAh0cRt0cRxYDQAAAGluaXRpYWxfc3RhdGVxHUsBWA4AAABpbml0aWFsX2FjdGlvbnEeaAVYCgAAAG51bV9zdGF0ZXNxH0sKWBQAAABtdXRhdGlvbl9wcm9iYWJpbGl0eXEgRz+5mZmZmZmadS4=
7,2.6563784403669723,0.0694767975113512,2.7299541284403666,gANjY29sbGVjdGlvbnMKT3JkZXJlZERpY3QKcQApUnEBKFgLAAAAdHJhbnNpdGlvbnNxAigoSwFjYXhlbHJvZC5hY3Rpb24KQWN0aW9uCnEDSwCFcQRScQVLAmgFdHEGKEsBaANLAYVxB1JxCEsDaAh0cQkoSwJoBUsBaAV0cQooSwJoCEsEaAh0cQsoSwNoBUsEaAV0cQwoSwNoCEsFaAh0cQ0oSwRoBUsFaAh0cQ4oSwRoCEsGaAh0cQ8oSwVoBUsFaAh0cRAoSwVoCEsHaAh0cREoSwZoBUsCaAV0cRIoSwZoCEsJaAh0cRMoSwdoBUsFaAh0cRQoSwdoCEsFaAV0cRUoSwhoBUsFaAV0cRYoSwhoCEsIaAV0cRcoSwloBUsCaAV0cRgoSwloCEsKaAV0cRkoSwpoBUsCaAh0cRooSwpoCEsEaAh0cRt0cRxYDQAAAGluaXRpYWxfc3RhdGVxHUsBWA4AAABpbml0aWFsX2FjdGlvbnEeaAVYCgAAAG51bV9zdGF0ZXNxH0sKWBQAAABtdXRhdGlvbl9wcm9iYWJpbGl0eXEgRz+5mZmZmZmadS4=
8,2.6625344036697247,0.06457208447712585,2.7340366972477064,gANjY29sbGVjdGlvbnMKT3JkZXJlZERpY3QKcQApUnEBKFgLAAAAdHJhbnNpdGlvbnNxAigoSwFjYXhlbHJvZC5hY3Rpb24KQWN0aW9uCnEDSwCFcQRScQVLAmgFdHEGKEsBaANLAYVxB1JxCEsDaAh0cQkoSwJoBUsBaAV0cQooSwJoCEsEaAh0cQsoSwNoBUsEaAV0cQwoSwNoCEsFaAh0cQ0oSwRoBUsFaAh0cQ4oSwRoCEsGaAh0cQ8oSwVoBUsFaAh0cRAoSwVoCEsHaAh0cREoSwZoBUsCaAh0cRIoSwZoCEsJaAh0cRMoSwdoBUsFaAh0cRQoSwdoCEsFaAV0cRUoSwhoBUsFaAV0cRYoSwhoCEsIaAV0cRcoSwloBUsCaAV0cRgoSwloCEsKaAV0cRkoSwpoBUsCaAh0cRooSwpoCEsEaAh0cRt0cRxYDQAAAGluaXRpYWxfc3RhdGVxHUsBWA4AAABpbml0aWFsX2FjdGlvbnEeaAVYCgAAAG51bV9zdGF0ZXNxH0sKWBQAAABtdXRhdGlvbl9wcm9iYWJpbGl0eXEgRz+5mZmZmZmadS4=
9,2.6687064220183485,0.07236718619122838,2.735550458715596,gANjY29sbGVjdGlvbnMKT3JkZXJlZERpY3QKcQApUnEBKFgLAAAAdHJhbnNpdGlvbnNxAigoSwFjYXhlbHJvZC5hY3Rpb24KQWN0aW9uCnEDSwCFcQRScQVLAmgFdHEGKEsBaANLAYVxB1JxCEsDaAh0cQkoSwJoBUsBaAV0cQooSwJoCEsEaAh0cQsoSwNoBUsEaAV0cQwoSwNoCEsFaAh0cQ0oSwRoBUsFaAh0cQ4oSwRoCEsGaAh0cQ8oSwVoBUsFaAh0cRAoSwVoCEsHaAh0cREoSwZoBUsCaAV0cRIoSwZoCEsJaAh0cRMoSwdoBUsFaAh0cRQoSwdoCEsFaAV0cRUoSwhoBUsFaAV0cRYoSwhoCEsIaAV0cRcoSwloBUsCaAV0cRgoSwloCEsKaAV0cRkoSwpoBUsCaAh0cRooSwpoCEsEaAh0cRt0cRxYDQAAAGluaXRpYWxfc3RhdGVxHUsBWA4AAABpbml0aWFsX2FjdGlvbnEeaAVYCgAAAG51bV9zdGF0ZXNxH0sKWBQAAABtdXRhdGlvbl9wcm9iYWJpbGl0eXEgRz+5mZmZmZmadS4=
10,2.686348623853211,0.06286476487995618,2.7638073394495413,gANjY29sbGVjdGlvbnMKT3JkZXJlZERpY3QKcQApUnEBKFgLAAAAdHJhbnNpdGlvbnNxAigoSwFjYXhlbHJvZC5hY3Rpb24KQWN0aW9uCnEDSwCFcQRScQVLAmgFdHEGKEsBaANLAYVxB1JxCEsDaAh0cQkoSwJoBUsBaAV0cQooSwJoCEsEaAh0cQsoSwNoBUsEaAV0cQwoSwNoCEsFaAh0cQ0oSwRoBUsFaAh0cQ4oSwRoCEsGaAV0cQ8oSwVoBUsFaAh0cRAoSwVoCEsHaAh0cREoSwZoBUsCaAV0cRIoSwZoCEsJaAh0cRMoSwdoBUsFaAh0cRQoSwdoCEsIaAh0cRUoSwhoBUsFaAh0cRYoSwhoCEsFaAV0cRcoSwloBUsCaAV0cRgoSwloCEsKaAV0cRkoSwpoBUsCaAh0cRooSwpoCEsEaAV0cRt0cRxYDQAAAGluaXRpYWxfc3RhdGVxHUsBWA4AAABpbml0aWFsX2FjdGlvbnEeaAVYCgAAAG51bV9zdGF0ZXNxH0sKWBQAAABtdXRhdGlvbl9wcm9iYWJpbGl0eXEgRz+5mZmZmZmadS4=
11,2.6870894495412845,0.08001721507367943,2.7596788990825685,gANjY29sbGVjdGlvbnMKT3JkZXJlZERpY3QKcQApUnEBKFgLAAAAdHJhbnNpdGlvbnNxAigoSwFjYXhlbHJvZC5hY3Rpb24KQWN0aW9uCnEDSwCFcQRScQVLAmgFdHEGKEsBaANLAYVxB1JxCEsDaAh0cQkoSwJoBUsBaAV0cQooSwJoCEsEaAh0cQsoSwNoBUsEaAV0cQwoSwNoCEsFaAh0cQ0oSwRoBUsFaAh0cQ4oSwRoCEsGaAV0cQ8oSwVoBUsFaAh0cRAoSwVoCEsHaAh0cREoSwZoBUsCaAV0cRIoSwZoCEsJaAh0cRMoSwdoBUsFaAh0cRQoSwdoCEsIaAh0cRUoSwhoBUsFaAh0cRYoSwhoCEsFaAV0cRcoSwloBUsCaAV0cRgoSwloCEsKaAV0cRkoSwpoBUsCaAh0cRooSwpoCEsEaAV0cRt0cRxYDQAAAGluaXRpYWxfc3RhdGVxHUsBWA4AAABpbml0aWFsX2FjdGlvbnEeaAVYCgAAAG51bV9zdGF0ZXNxH0sKWBQAAABtdXRhdGlvbl9wcm9iYWJpbGl0eXEgRz+5mZmZmZmadS4=
12,2.684566513761468,0.10280210894657425,2.761238532110092,gANjY29sbGVjdGlvbnMKT3JkZXJlZERpY3QKcQApUnEBKFgLAAAAdHJhbnNpdGlvbnNxAigoSwFjYXhlbHJvZC5hY3Rpb24KQWN0aW9uCnEDSwCFcQRScQVLAmgFdHEGKEsBaANLAYVxB1JxCEsDaAh0cQkoSwJoBUsBaAV0cQooSwJoCEsEaAh0cQsoSwNoBUsEaAV0cQwoSwNoCEsFaAh0cQ0oSwRoBUsFaAh0cQ4oSwRoCEsGaAV0cQ8oSwVoBUsFaAh0cRAoSwVoCEsHaAh0cREoSwZoBUsCaAV0cRIoSwZoCEsJaAh0cRMoSwdoBUsFaAh0cRQoSwdoCEsIaAh0cRUoSwhoBUsFaAh0cRYoSwhoCEsFaAV0cRcoSwloBUsCaAV0cRgoSwloCEsKaAV0cRkoSwpoBUsCaAh0cRooSwpoCEsEaAV0cRt0cRxYDQAAAGluaXRpYWxfc3RhdGVxHUsBWA4AAABpbml0aWFsX2FjdGlvbnEeaAVYCgAAAG51bV9zdGF0ZXNxH0sKWBQAAABtdXRhdGlvbl9wcm9iYWJpbGl0eXEgRz+5mZmZmZmadS4=
13,2.7197087155963304,0.024074796801815967,2.775550458715596,gANjY29sbGVjdGlvbnMKT3JkZXJlZERpY3QKcQApUnEBKFgLAAAAdHJhbnNpdGlvbnNxAigoSwFjYXhlbHJvZC5hY3Rpb24KQWN0aW9uCnEDSwCFcQRScQVLAmgFdHEGKEsBaANLAYVxB1JxCEsDaAh0cQkoSwJoBUsBaAV0cQooSwJoCEsEaAh0cQsoSwNoBUsEaAV0cQwoSwNoCEsFaAh0cQ0oSwRoBUsFaAh0cQ4oSwRoCEsGaAV0cQ8oSwVoBUsFaAh0cRAoSwVoCEsHaAh0cREoSwZoBUsCaAV0cRIoSwZoCEsJaAh0cRMoSwdoBUsFaAh0cRQoSwdoCEsIaAh0cRUoSwhoBUsFaAh0cRYoSwhoCEsFaAV0cRcoSwloBUsCaAV0cRgoSwloCEsKaAV0cRkoSwpoBUsCaAh0cRooSwpoCEsEaAV0cRt0cRxYDQAAAGluaXRpYWxfc3RhdGVxHUsBWA4AAABpbml0aWFsX2FjdGlvbnEeaAVYCgAAAG51bV9zdGF0ZXNxH0sKWBQAAABtdXRhdGlvbl9wcm9iYWJpbGl0eXEgRz+5mZmZmZmadS4=
14,2.687341743119266,0.07046749287568094,2.766697247706422,gANjY29sbGVjdGlvbnMKT3JkZXJlZERpY3QKcQApUnEBKFgLAAAAdHJhbnNpdGlvbnNxAigoSwFjYXhlbHJvZC5hY3Rpb24KQWN0aW9uCnEDSwCFcQRScQVLAmgFdHEGKEsBaANLAYVxB1JxCEsDaAh0cQkoSwJoBUsBaAV0cQooSwJoCEsEaAh0cQsoSwNoBUsEaAV0cQwoSwNoCEsFaAh0cQ0oSwRoBUsFaAh0cQ4oSwRoCEsGaAV0cQ8oSwVoBUsFaAh0cRAoSwVoCEsHaAh0cREoSwZoBUsCaAV0cRIoSwZoCEsJaAh0cRMoSwdoBUsFaAh0cRQoSwdoCEsIaAh0cRUoSwhoBUsFaAh0cRYoSwhoCEsFaAV0cRcoSwloBUsCaAV0cRgoSwloCEsKaAV0cRkoSwpoBUsCaAh0cRooSwpoCEsEaAV0cRt0cRxYDQAAAGluaXRpYWxfc3RhdGVxHUsBWA4AAABpbml0aWFsX2FjdGlvbnEeaAVYCgAAAG51bV9zdGF0ZXNxH0sKWBQAAABtdXRhdGlvbl9wcm9iYWJpbGl0eXEgRz+5mZmZmZmadS4=
15,2.6968830275229356,0.067554546840909,2.76302752293578,gANjY29sbGVjdGlvbnMKT3JkZXJlZERpY3QKcQApUnEBKFgLAAAAdHJhbnNpdGlvbnNxAigoSwFjYXhlbHJvZC5hY3Rpb24KQWN0aW9uCnEDSwCFcQRScQVLAmgFdHEGKEsBaANLAYVxB1JxCEsDaAh0cQkoSwJoBUsBaAV0cQooSwJoCEsEaAh0cQsoSwNoBUsEaAV0cQwoSwNoCEsFaAh0cQ0oSwRoBUsFaAh0cQ4oSwRoCEsGaAV0cQ8oSwVoBUsFaAh0cRAoSwVoCEsHaAh0cREoSwZoBUsCaAV0cRIoSwZoCEsJaAh0cRMoSwdoBUsFaAh0cRQoSwdoCEsIaAh0cRUoSwhoBUsFaAh0cRYoSwhoCEsFaAV0cRcoSwloBUsCaAV0cRgoSwloCEsKaAV0cRkoSwpoBUsCaAh0cRooSwpoCEsEaAV0cRt0cRxYDQAAAGluaXRpYWxfc3RhdGVxHUsBWA4AAABpbml0aWFsX2FjdGlvbnEeaAVYCgAAAG51bV9zdGF0ZXNxH0sKWBQAAABtdXRhdGlvbl9wcm9iYWJpbGl0eXEgRz+5mZmZmZmadS4=
16,2.7043922018348625,0.050081061457726804,2.763256880733945,gANjY29sbGVjdGlvbnMKT3JkZXJlZERpY3QKcQApUnEBKFgLAAAAdHJhbnNpdGlvbnNxAigoSwFjYXhlbHJvZC5hY3Rpb24KQWN0aW9uCnEDSwCFcQRScQVLAmgFdHEGKEsBaANLAYVxB1JxCEsDaAh0cQkoSwJoBUsBaAV0cQooSwJoCEsEaAh0cQsoSwNoBUsEaAV0cQwoSwNoCEsFaAh0cQ0oSwRoBUsFaAh0cQ4oSwRoCEsGaAV0cQ8oSwVoBUsFaAh0cRAoSwVoCEsHaAh0cREoSwZoBUsCaAV0cRIoSwZoCEsJaAh0cRMoSwdoBUsFaAh0cRQoSwdoCEsIaAh0cRUoSwhoBUsFaAh0cRYoSwhoCEsFaAV0cRcoSwloBUsCaAV0cRgoSwloCEsKaAV0cRkoSwpoBUsCaAh0cRooSwpoCEsEaAV0cRt0cRxYDQAAAGluaXRpYWxfc3RhdGVxHUsBWA4AAABpbml0aWFsX2FjdGlvbnEeaAVYCgAAAG51bV9zdGF0ZXNxH0sKWBQAAABtdXRhdGlvbl9wcm9iYWJpbGl0eXEgRz+5mZmZmZmadS4=
17,2.6822522935779816,0.09379484551508266,2.7656880733944957,gANjY29sbGVjdGlvbnMKT3JkZXJlZERpY3QKcQApUnEBKFgLAAAAdHJhbnNpdGlvbnNxAigoSwFjYXhlbHJvZC5hY3Rpb24KQWN0aW9uCnEDSwCFcQRScQVLAmgFdHEGKEsBaANLAYVxB1JxCEsDaAh0cQkoSwJoBUsBaAV0cQooSwJoCEsEaAh0cQsoSwNoBUsEaAV0cQwoSwNoCEsFaAh0cQ0oSwRoBUsFaAh0cQ4oSwRoCEsGaAV0cQ8oSwVoBUsFaAh0cRAoSwVoCEsHaAh0cREoSwZoBUsCaAh0cRIoSwZoCEsJaAV0cRMoSwdoBUsFaAh0cRQoSwdoCEsFaAV0cRUoSwhoBUsFaAV0cRYoSwhoCEsIaAV0cRcoSwloBUsCaAV0cRgoSwloCEsKaAV0cRkoSwpoBUsCaAV0cRooSwpoCEsEaAh0cRt0cRxYDQAAAGluaXRpYWxfc3RhdGVxHUsBWA4AAABpbml0aWFsX2FjdGlvbnEeaAVYCgAAAG51bV9zdGF0ZXNxH0sKWBQAAABtdXRhdGlvbl9wcm9iYWJpbGl0eXEgRz+5mZmZmZmadS4=
18,2.7235940366972478,0.037177047690321624,2.768165137614679,gANjY29sbGVjdGlvbnMKT3JkZXJlZERpY3QKcQApUnEBKFgLAAAAdHJhbnNpdGlvbnNxAigoSwFjYXhlbHJvZC5hY3Rpb24KQWN0aW9uCnEDSwCFcQRScQVLAmgFdHEGKEsBaANLAYVxB1JxCEsDaAh0cQkoSwJoBUsBaAV0cQooSwJoCEsEaAh0cQsoSwNoBUsEaAV0cQwoSwNoCEsFaAh0cQ0oSwRoBUsFaAh0cQ4oSwRoCEsGaAV0cQ8oSwVoBUsFaAh0cRAoSwVoCEsHaAh0cREoSwZoBUsCaAh0cRIoSwZoCEsJaAV0cRMoSwdoBUsFaAh0cRQoSwdoCEsFaAV0cRUoSwhoBUsFaAV0cRYoSwhoCEsIaAV0cRcoSwloBUsCaAV0cRgoSwloCEsKaAV0cRkoSwpoBUsCaAV0cRooSwpoCEsEaAh0cRt0cRxYDQAAAGluaXRpYWxfc3RhdGVxHUsBWA4AAABpbml0aWFsX2FjdGlvbnEeaAVYCgAAAG51bV9zdGF0ZXNxH0sKWBQAAABtdXRhdGlvbl9wcm9iYWJpbGl0eXEgRz+5mZmZmZmadS4=
19,2.7049954128440366,0.052076280581878014,2.7637155963302753,gANjY29sbGVjdGlvbnMKT3JkZXJlZERpY3QKcQApUnEBKFgLAAAAdHJhbnNpdGlvbnNxAigoSwFjYXhlbHJvZC5hY3Rpb24KQWN0aW9uCnEDSwCFcQRScQVLAmgFdHEGKEsBaANLAYVxB1JxCEsDaAh0cQkoSwJoBUsBaAV0cQooSwJoCEsEaAh0cQsoSwNoBUsEaAV0cQwoSwNoCEsFaAh0cQ0oSwRoBUsFaAh0cQ4oSwRoCEsGaAV0cQ8oSwVoBUsFaAh0cRAoSwVoCEsHaAh0cREoSwZoBUsCaAh0cRIoSwZoCEsJaAV0cRMoSwdoBUsFaAh0cRQoSwdoCEsFaAV0cRUoSwhoBUsFaAV0cRYoSwhoCEsIaAV0cRcoSwloBUsCaAV0cRgoSwloCEsKaAV0cRkoSwpoBUsCaAV0cRooSwpoCEsEaAh0cRt0cRxYDQAAAGluaXRpYWxfc3RhdGVxHUsBWA4AAABpbml0aWFsX2FjdGlvbnEeaAVYCgAAAG51bV9zdGF0ZXNxH0sKWBQAAABtdXRhdGlvbl9wcm9iYWJpbGl0eXEgRz+5mZmZmZmadS4=
20,2.690876146788991,0.10260316207163765,2.773119266055046,gANjY29sbGVjdGlvbnMKT3JkZXJlZERpY3QKcQApUnEBKFgLAAAAdHJhbnNpdGlvbnNxAigoSwFjYXhlbHJvZC5hY3Rpb24KQWN0aW9uCnEDSwCFcQRScQVLAmgFdHEGKEsBaANLAYVxB1JxCEsDaAh0cQkoSwJoBUsBaAV0cQooSwJoCEsEaAh0cQsoSwNoBUsEaAV0cQwoSwNoCEsFaAh0cQ0oSwRoBUsFaAh0cQ4oSwRoCEsGaAV0cQ8oSwVoBUsFaAh0cRAoSwVoCEsHaAh0cREoSwZoBUsCaAh0cRIoSwZoCEsJaAV0cRMoSwdoBUsFaAh0cRQoSwdoCEsFaAV0cRUoSwhoBUsFaAV0cRYoSwhoCEsIaAV0cRcoSwloBUsCaAV0cRgoSwloCEsKaAV0cRkoSwpoBUsCaAV0cRooSwpoCEsEaAh0cRt0cRxYDQAAAGluaXRpYWxfc3RhdGVxHUsBWA4AAABpbml0aWFsX2FjdGlvbnEeaAVYCgAAAG51bV9zdGF0ZXNxH0sKWBQAAABtdXRhdGlvbl9wcm9iYWJpbGl0eXEgRz+5mZmZmZmadS4=
21,2.697376146788991,0.07568676201254819,2.7761926605504588,gANjY29sbGVjdGlvbnMKT3JkZXJlZERpY3QKcQApUnEBKFgLAAAAdHJhbnNpdGlvbnNxAigoSwFjYXhlbHJvZC5hY3Rpb24KQWN0aW9uCnEDSwCFcQRScQVLAmgFdHEGKEsBaANLAYVxB1JxCEsDaAh0cQkoSwJoBUsBaAV0cQooSwJoCEsEaAh0cQsoSwNoBUsEaAV0cQwoSwNoCEsFaAh0cQ0oSwRoBUsFaAh0cQ4oSwRoCEsGaAV0cQ8oSwVoBUsFaAh0cRAoSwVoCEsHaAh0cREoSwZoBUsCaAh0cRIoSwZoCEsJaAV0cRMoSwdoBUsFaAh0cRQoSwdoCEsFaAV0cRUoSwhoBUsFaAV0cRYoSwhoCEsIaAV0cRcoSwloBUsCaAV0cRgoSwloCEsKaAV0cRkoSwpoBUsCaAV0cRooSwpoCEsEaAh0cRt0cRxYDQAAAGluaXRpYWxfc3RhdGVxHUsBWA4AAABpbml0aWFsX2FjdGlvbnEeaAVYCgAAAG51bV9zdGF0ZXNxH0sKWBQAAABtdXRhdGlvbl9wcm9iYWJpbGl0eXEgRz+5mZmZmZmadS4=
22,2.7104243119266056,0.06596584011369494,2.7669724770642206,gANjY29sbGVjdGlvbnMKT3JkZXJlZERpY3QKcQApUnEBKFgLAAAAdHJhbnNpdGlvbnNxAigoSwFjYXhlbHJvZC5hY3Rpb24KQWN0aW9uCnEDSwCFcQRScQVLAmgFdHEGKEsBaANLAYVxB1JxCEsDaAh0cQkoSwJoBUsBaAV0cQooSwJoCEsEaAh0cQsoSwNoBUsEaAV0cQwoSwNoCEsFaAh0cQ0oSwRoBUsFaAh0cQ4oSwRoCEsGaAV0cQ8oSwVoBUsFaAh0cRAoSwVoCEsHaAh0cREoSwZoBUsCaAh0cRIoSwZoCEsJaAh0cRMoSwdoBUsFaAV0cRQoSwdoCEsIaAV0cRUoSwhoBUsFaAh0cRYoSwhoCEsFaAV0cRcoSwloBUsCaAh0cRgoSwloCEsKaAh0cRkoSwpoBUsCaAh0cRooSwpoCEsEaAh0cRt0cRxYDQAAAGluaXRpYWxfc3RhdGVxHUsBWA4AAABpbml0aWFsX2FjdGlvbnEeaAVYCgAAAG51bV9zdGF0ZXNxH0sKWBQAAABtdXRhdGlvbl9wcm9iYWJpbGl0eXEgRz+5mZmZmZmadS4=
23,2.723821100917431,0.0503818411485265,2.7698623853211006,gANjY29sbGVjdGlvbnMKT3JkZXJlZERpY3QKcQApUnEBKFgLAAAAdHJhbnNpdGlvbnNxAigoSwFjYXhlbHJvZC5hY3Rpb24KQWN0aW9uCnEDSwCFcQRScQVLAmgFdHEGKEsBaANLAYVxB1JxCEsDaAh0cQkoSwJoBUsBaAV0cQooSwJoCEsEaAh0cQsoSwNoBUsEaAV0cQwoSwNoCEsFaAh0cQ0oSwRoBUsFaAh0cQ4oSwRoCEsGaAV0cQ8oSwVoBUsFaAh0cRAoSwVoCEsHaAh0cREoSwZoBUsCaAh0cRIoSwZoCEsJaAV0cRMoSwdoBUsFaAh0cRQoSwdoCEsFaAV0cRUoSwhoBUsFaAV0cRYoSwhoCEsIaAV0cRcoSwloBUsCaAV0cRgoSwloCEsKaAV0cRkoSwpoBUsCaAV0cRooSwpoCEsEaAh0cRt0cRxYDQAAAGluaXRpYWxfc3RhdGVxHUsBWA4AAABpbml0aWFsX2FjdGlvbnEeaAVYCgAAAG51bV9zdGF0ZXNxH0sKWBQAAABtdXRhdGlvbl9wcm9iYWJpbGl0eXEgRz+5mZmZmZmadS4=
24,2.7379197247706424,0.0394548115612283,2.7705504587155962,gANjY29sbGVjdGlvbnMKT3JkZXJlZERpY3QKcQApUnEBKFgLAAAAdHJhbnNpdGlvbnNxAigoSwFjYXhlbHJvZC5hY3Rpb24KQWN0aW9uCnEDSwCFcQRScQVLAmgFdHEGKEsBaANLAYVxB1JxCEsDaAh0cQkoSwJoBUsBaAV0cQooSwJoCEsEaAh0cQsoSwNoBUsEaAV0cQwoSwNoCEsFaAh0cQ0oSwRoBUsFaAh0cQ4oSwRoCEsGaAV0cQ8oSwVoBUsFaAh0cRAoSwVoCEsHaAh0cREoSwZoBUsCaAh0cRIoSwZoCEsJaAV0cRMoSwdoBUsFaAh0cRQoSwdoCEsFaAV0cRUoSwhoBUsFaAV0cRYoSwhoCEsIaAV0cRcoSwloBUsCaAV0cRgoSwloCEsKaAV0cRkoSwpoBUsCaAV0cRooSwpoCEsEaAh0cRt0cRxYDQAAAGluaXRpYWxfc3RhdGVxHUsBWA4AAABpbml0aWFsX2FjdGlvbnEeaAVYCgAAAG51bV9zdGF0ZXNxH0sKWBQAAABtdXRhdGlvbl9wcm9iYWJpbGl0eXEgRz+5mZmZmZmadS4=
25,2.6970160550458715,0.0879393481003974,2.7753211009174312,gANjY29sbGVjdGlvbnMKT3JkZXJlZERpY3QKcQApUnEBKFgLAAAAdHJhbnNpdGlvbnNxAigoSwFjYXhlbHJvZC5hY3Rpb24KQWN0aW9uCnEDSwCFcQRScQVLAmgFdHEGKEsBaANLAYVxB1JxCEsDaAh0cQkoSwJoBUsBaAV0cQooSwJoCEsEaAh0cQsoSwNoBUsEaAV0cQwoSwNoCEsFaAh0cQ0oSwRoBUsFaAh0cQ4oSwRoCEsGaAV0cQ8oSwVoBUsFaAh0cRAoSwVoCEsHaAh0cREoSwZoBUsCaAh0cRIoSwZoCEsJaAV0cRMoSwdoBUsFaAV0cRQoSwdoCEsFaAh0cRUoSwhoBUsFaAV0cRYoSwhoCEsIaAV0cRcoSwloBUsCaAV0cRgoSwloCEsKaAV0cRkoSwpoBUsCaAV0cRooSwpoCEsEaAh0cRt0cRxYDQAAAGluaXRpYWxfc3RhdGVxHUsBWA4AAABpbml0aWFsX2FjdGlvbnEeaAVYCgAAAG51bV9zdGF0ZXNxH0sKWBQAAABtdXRhdGlvbl9wcm9iYWJpbGl0eXEgRz+5mZmZmZmadS4=
26,2.7423004587155964,0.03141381823960401,2.773211009174312,gANjY29sbGVjdGlvbnMKT3JkZXJlZERpY3QKcQApUnEBKFgLAAAAdHJhbnNpdGlvbnNxAigoSwFjYXhlbHJvZC5hY3Rpb24KQWN0aW9uCnEDSwCFcQRScQVLAmgFdHEGKEsBaANLAYVxB1JxCEsDaAh0cQkoSwJoBUsBaAV0cQooSwJoCEsEaAh0cQsoSwNoBUsEaAV0cQwoSwNoCEsFaAh0cQ0oSwRoBUsFaAh0cQ4oSwRoCEsGaAV0cQ8oSwVoBUsFaAh0cRAoSwVoCEsHaAh0cREoSwZoBUsCaAh0cRIoSwZoCEsJaAV0cRMoSwdoBUsFaAh0cRQoSwdoCEsFaAV0cRUoSwhoBUsFaAV0cRYoSwhoCEsIaAV0cRcoSwloBUsCaAV0cRgoSwloCEsKaAV0cRkoSwpoBUsCaAV0cRooSwpoCEsEaAh0cRt0cRxYDQAAAGluaXRpYWxfc3RhdGVxHUsBWA4AAABpbml0aWFsX2FjdGlvbnEeaAVYCgAAAG51bV9zdGF0ZXNxH0sKWBQAAABtdXRhdGlvbl9wcm9iYWJpbGl0eXEgRz+5mZmZmZmadS4=
27,2.71326376146789,0.08620842764005361,2.775963302752294,gANjY29sbGVjdGlvbnMKT3JkZXJlZERpY3QKcQApUnEBKFgLAAAAdHJhbnNpdGlvbnNxAigoSwFjYXhlbHJvZC5hY3Rpb24KQWN0aW9uCnEDSwCFcQRScQVLAmgFdHEGKEsBaANLAYVxB1JxCEsDaAh0cQkoSwJoBUsBaAV0cQooSwJoCEsEaAh0cQsoSwNoBUsEaAV0cQwoSwNoCEsFaAh0cQ0oSwRoBUsFaAh0cQ4oSwRoCEsGaAV0cQ8oSwVoBUsFaAh0cRAoSwVoCEsHaAh0cREoSwZoBUsCaAh0cRIoSwZoCEsJaAV0cRMoSwdoBUsFaAh0cRQoSwdoCEsFaAV0cRUoSwhoBUsFaAV0cRYoSwhoCEsIaAV0cRcoSwloBUsCaAV0cRgoSwloCEsKaAV0cRkoSwpoBUsCaAV0cRooSwpoCEsEaAh0cRt0cRxYDQAAAGluaXRpYWxfc3RhdGVxHUsBWA4AAABpbml0aWFsX2FjdGlvbnEeaAVYCgAAAG51bV9zdGF0ZXNxH0sKWBQAAABtdXRhdGlvbl9wcm9iYWJpbGl0eXEgRz+5mZmZmZmadS4=
28,2.7299311926605503,0.08388503589256192,2.7917431192660547,gANjY29sbGVjdGlvbnMKT3JkZXJlZERpY3QKcQApUnEBKFgLAAAAdHJhbnNpdGlvbnNxAigoSwFjYXhlbHJvZC5hY3Rpb24KQWN0aW9uCnEDSwCFcQRScQVLAmgFdHEGKEsBaANLAYVxB1JxCEsDaAh0cQkoSwJoBUsBaAV0cQooSwJoCEsEaAh0cQsoSwNoBUsEaAV0cQwoSwNoCEsFaAh0cQ0oSwRoBUsFaAh0cQ4oSwRoCEsGaAV0cQ8oSwVoBUsFaAh0cRAoSwVoCEsHaAh0cREoSwZoBUsCaAh0cRIoSwZoCEsJaAV0cRMoSwdoBUsFaAh0cRQoSwdoCEsIaAh0cRUoSwhoBUsFaAh0cRYoSwhoCEsFaAV0cRcoSwloBUsCaAV0cRgoSwloCEsKaAV0cRkoSwpoBUsCaAh0cRooSwpoCEsEaAV0cRt0cRxYDQAAAGluaXRpYWxfc3RhdGVxHUsBWA4AAABpbml0aWFsX2FjdGlvbnEeaAVYCgAAAG51bV9zdGF0ZXNxH0sKWBQAAABtdXRhdGlvbl9wcm9iYWJpbGl0eXEgRz+5mZmZmZmadS4=
29,2.730993119266055,0.06249234828171495,2.7908715596330276,gANjY29sbGVjdGlvbnMKT3JkZXJlZERpY3QKcQApUnEBKFgLAAAAdHJhbnNpdGlvbnNxAigoSwFjYXhlbHJvZC5hY3Rpb24KQWN0aW9uCnEDSwCFcQRScQVLAmgFdHEGKEsBaANLAYVxB1JxCEsDaAh0cQkoSwJoBUsBaAV0cQooSwJoCEsEaAh0cQsoSwNoBUsEaAV0cQwoSwNoCEsFaAh0cQ0oSwRoBUsFaAh0cQ4oSwRoCEsGaAV0cQ8oSwVoBUsFaAh0cRAoSwVoCEsHaAh0cREoSwZoBUsCaAh0cRIoSwZoCEsJaAV0cRMoSwdoBUsFaAh0cRQoSwdoCEsIaAh0cRUoSwhoBUsFaAh0cRYoSwhoCEsFaAV0cRcoSwloBUsCaAV0cRgoSwloCEsKaAV0cRkoSwpoBUsCaAh0cRooSwpoCEsEaAV0cRt0cRxYDQAAAGluaXRpYWxfc3RhdGVxHUsBWA4AAABpbml0aWFsX2FjdGlvbnEeaAVYCgAAAG51bV9zdGF0ZXNxH0sKWBQAAABtdXRhdGlvbl9wcm9iYWJpbGl0eXEgRz+5mZmZmZmadS4=
30,2.7300321100917433,0.06996078341032141,2.7867431192660552,gANjY29sbGVjdGlvbnMKT3JkZXJlZERpY3QKcQApUnEBKFgLAAAAdHJhbnNpdGlvbnNxAigoSwFjYXhlbHJvZC5hY3Rpb24KQWN0aW9uCnEDSwCFcQRScQVLAmgFdHEGKEsBaANLAYVxB1JxCEsDaAh0cQkoSwJoBUsBaAV0cQooSwJoCEsEaAh0cQsoSwNoBUsEaAV0cQwoSwNoCEsFaAh0cQ0oSwRoBUsFaAh0cQ4oSwRoCEsGaAV0cQ8oSwVoBUsFaAh0cRAoSwVoCEsHaAh0cREoSwZoBUsCaAh0cRIoSwZoCEsJaAV0cRMoSwdoBUsFaAh0cRQoSwdoCEsIaAh0cRUoSwhoBUsFaAh0cRYoSwhoCEsFaAV0cRcoSwloBUsCaAV0cRgoSwloCEsKaAV0cRkoSwpoBUsCaAh0cRooSwpoCEsEaAV0cRt0cRxYDQAAAGluaXRpYWxfc3RhdGVxHUsBWA4AAABpbml0aWFsX2FjdGlvbnEeaAVYCgAAAG51bV9zdGF0ZXNxH0sKWBQAAABtdXRhdGlvbl9wcm9iYWJpbGl0eXEgRz+5mZmZmZmadS4=
31,2.738309633027523,0.05728264392584442,2.79105504587156,gANjY29sbGVjdGlvbnMKT3JkZXJlZERpY3QKcQApUnEBKFgLAAAAdHJhbnNpdGlvbnNxAigoSwFjYXhlbHJvZC5hY3Rpb24KQWN0aW9uCnEDSwCFcQRScQVLAmgFdHEGKEsBaANLAYVxB1JxCEsDaAh0cQkoSwJoBUsBaAV0cQooSwJoCEsEaAh0cQsoSwNoBUsEaAV0cQwoSwNoCEsFaAh0cQ0oSwRoBUsFaAh0cQ4oSwRoCEsGaAV0cQ8oSwVoBUsFaAh0cRAoSwVoCEsHaAh0cREoSwZoBUsCaAh0cRIoSwZoCEsJaAV0cRMoSwdoBUsFaAh0cRQoSwdoCEsIaAh0cRUoSwhoBUsFaAh0cRYoSwhoCEsFaAV0cRcoSwloBUsCaAV0cRgoSwloCEsKaAV0cRkoSwpoBUsCaAh0cRooSwpoCEsEaAV0cRt0cRxYDQAAAGluaXRpYWxfc3RhdGVxHUsBWA4AAABpbml0aWFsX2FjdGlvbnEeaAVYCgAAAG51bV9zdGF0ZXNxH0sKWBQAAABtdXRhdGlvbl9wcm9iYWJpbGl0eXEgRz+5mZmZmZmadS4=
32,2.739676605504587,0.04952326693049505,2.790183486238532,gANjY29sbGVjdGlvbnMKT3JkZXJlZERpY3QKcQApUnEBKFgLAAAAdHJhbnNpdGlvbnNxAigoSwFjYXhlbHJvZC5hY3Rpb24KQWN0aW9uCnEDSwCFcQRScQVLAmgFdHEGKEsBaANLAYVxB1JxCEsDaAh0cQkoSwJoBUsBaAV0cQooSwJoCEsEaAh0cQsoSwNoBUsEaAV0cQwoSwNoCEsFaAh0cQ0oSwRoBUsFaAh0cQ4oSwRoCEsGaAV0cQ8oSwVoBUsFaAh0cRAoSwVoCEsHaAh0cREoSwZoBUsCaAh0cRIoSwZoCEsJaAV0cRMoSwdoBUsFaAh0cRQoSwdoCEsIaAh0cRUoSwhoBUsFaAh0cRYoSwhoCEsFaAV0cRcoSwloBUsCaAV0cRgoSwloCEsKaAV0cRkoSwpoBUsCaAh0cRooSwpoCEsEaAV0cRt0cRxYDQAAAGluaXRpYWxfc3RhdGVxHUsBWA4AAABpbml0aWFsX2FjdGlvbnEeaAVYCgAAAG51bV9zdGF0ZXNxH0sKWBQAAABtdXRhdGlvbl9wcm9iYWJpbGl0eXEgRz+5mZmZmZmadS4=
33,2.6935252293577983,0.09922810017639043,2.7889449541284406,gANjY29sbGVjdGlvbnMKT3JkZXJlZERpY3QKcQApUnEBKFgLAAAAdHJhbnNpdGlvbnNxAigoSwFjYXhlbHJvZC5hY3Rpb24KQWN0aW9uCnEDSwCFcQRScQVLAmgFdHEGKEsBaANLAYVxB1JxCEsDaAh0cQkoSwJoBUsBaAV0cQooSwJoCEsEaAh0cQsoSwNoBUsEaAV0cQwoSwNoCEsFaAh0cQ0oSwRoBUsFaAh0cQ4oSwRoCEsGaAV0cQ8oSwVoBUsFaAh0cRAoSwVoCEsHaAh0cREoSwZoBUsCaAh0cRIoSwZoCEsJaAV0cRMoSwdoBUsFaAh0cRQoSwdoCEsIaAh0cRUoSwhoBUsFaAh0cRYoSwhoCEsFaAV0cRcoSwloBUsCaAV0cRgoSwloCEsKaAV0cRkoSwpoBUsCaAh0cRooSwpoCEsEaAV0cRt0cRxYDQAAAGluaXRpYWxfc3RhdGVxHUsBWA4AAABpbml0aWFsX2FjdGlvbnEeaAVYCgAAAG51bV9zdGF0ZXNxH0sKWBQAAABtdXRhdGlvbl9wcm9iYWJpbGl0eXEgRz+5mZmZmZmadS4=
34,2.72204128440367,0.07416188060000994,2.7906880733944956,gANjY29sbGVjdGlvbnMKT3JkZXJlZERpY3QKcQApUnEBKFgLAAAAdHJhbnNpdGlvbnNxAigoSwFjYXhlbHJvZC5hY3Rpb24KQWN0aW9uCnEDSwCFcQRScQVLAmgFdHEGKEsBaANLAYVxB1JxCEsDaAh0cQkoSwJoBUsBaAV0cQooSwJoCEsEaAh0cQsoSwNoBUsEaAV0cQwoSwNoCEsFaAh0cQ0oSwRoBUsFaAh0cQ4oSwRoCEsGaAV0cQ8oSwVoBUsFaAh0cRAoSwVoCEsHaAh0cREoSwZoBUsCaAh0cRIoSwZoCEsJaAV0cRMoSwdoBUsFaAh0cRQoSwdoCEsIaAh0cRUoSwhoBUsFaAh0cRYoSwhoCEsFaAV0cRcoSwloBUsCaAV0cRgoSwloCEsKaAV0cRkoSwpoBUsCaAh0cRooSwpoCEsEaAV0cRt0cRxYDQAAAGluaXRpYWxfc3RhdGVxHUsBWA4AAABpbml0aWFsX2FjdGlvbnEeaAVYCgAAAG51bV9zdGF0ZXNxH0sKWBQAAABtdXRhdGlvbl9wcm9iYWJpbGl0eXEgRz+5mZmZmZmadS4=
35,2.7259862385321103,0.08010810585085333,2.7955963302752296,gANjY29sbGVjdGlvbnMKT3JkZXJlZERpY3QKcQApUnEBKFgLAAAAdHJhbnNpdGlvbnNxAigoSwFjYXhlbHJvZC5hY3Rpb24KQWN0aW9uCnEDSwCFcQRScQVLAmgFdHEGKEsBaANLAYVxB1JxCEsDaAh0cQkoSwJoBUsBaAV0cQooSwJoCEsEaAh0cQsoSwNoBUsEaAV0cQwoSwNoCEsFaAh0cQ0oSwRoBUsFaAh0cQ4oSwRoCEsGaAV0cQ8oSwVoBUsFaAh0cRAoSwVoCEsHaAh0cREoSwZoBUsCaAh0cRIoSwZoCEsJaAV0cRMoSwdoBUsFaAh0cRQoSwdoCEsIaAh0cRUoSwhoBUsFaAh0cRYoSwhoCEsFaAV0cRcoSwloBUsCaAV0cRgoSwloCEsKaAV0cRkoSwpoBUsCaAh0cRooSwpoCEsEaAV0cRt0cRxYDQAAAGluaXRpYWxfc3RhdGVxHUsBWA4AAABpbml0aWFsX2FjdGlvbnEeaAVYCgAAAG51bV9zdGF0ZXNxH0sKWBQAAABtdXRhdGlvbl9wcm9iYWJpbGl0eXEgRz+5mZmZmZmadS4=
36,2.712243119266055,0.08607858715872259,2.7999082568807343,gANjY29sbGVjdGlvbnMKT3JkZXJlZERpY3QKcQApUnEBKFgLAAAAdHJhbnNpdGlvbnNxAigoSwFjYXhlbHJvZC5hY3Rpb24KQWN0aW9uCnEDSwCFcQRScQVLAmgFdHEGKEsBaANLAYVxB1JxCEsDaAh0cQkoSwJoBUsBaAV0cQooSwJoCEsEaAh0cQsoSwNoBUsEaAV0cQwoSwNoCEsFaAh0cQ0oSwRoBUsFaAh0cQ4oSwRoCEsGaAV0cQ8oSwVoBUsFaAh0cRAoSwVoCEsHaAh0cREoSwZoBUsCaAh0cRIoSwZoCEsJaAV0cRMoSwdoBUsFaAh0cRQoSwdoCEsIaAh0cRUoSwhoBUsFaAh0cRYoSwhoCEsFaAV0cRcoSwloBUsCaAV0cRgoSwloCEsKaAV0cRkoSwpoBUsCaAh0cRooSwpoCEsEaAV0cRt0cRxYDQAAAGluaXRpYWxfc3RhdGVxHUsBWA4AAABpbml0aWFsX2FjdGlvbnEeaAVYCgAAAG51bV9zdGF0ZXNxH0sKWBQAAABtdXRhdGlvbl9wcm9iYWJpbGl0eXEgRz+5mZmZmZmadS4=
37,2.7275091743119266,0.07665819357622629,2.7974770642201836,gANjY29sbGVjdGlvbnMKT3JkZXJlZERpY3QKcQApUnEBKFgLAAAAdHJhbnNpdGlvbnNxAigoSwFjYXhlbHJvZC5hY3Rpb24KQWN0aW9uCnEDSwCFcQRScQVLAmgFdHEGKEsBaANLAYVxB1JxCEsDaAh0cQkoSwJoBUsBaAV0cQooSwJoCEsEaAh0cQsoSwNoBUsEaAV0cQwoSwNoCEsFaAh0cQ0oSwRoBUsFaAh0cQ4oSwRoCEsGaAV0cQ8oSwVoBUsFaAh0cRAoSwVoCEsHaAh0cREoSwZoBUsCaAh0cRIoSwZoCEsJaAV0cRMoSwdoBUsFaAh0cRQoSwdoCEsIaAh0cRUoSwhoBUsFaAh0cRYoSwhoCEsFaAV0cRcoSwloBUsCaAV0cRgoSwloCEsKaAV0cRkoSwpoBUsCaAh0cRooSwpoCEsEaAV0cRt0cRxYDQAAAGluaXRpYWxfc3RhdGVxHUsBWA4AAABpbml0aWFsX2FjdGlvbnEeaAVYCgAAAG51bV9zdGF0ZXNxH0sKWBQAAABtdXRhdGlvbl9wcm9iYWJpbGl0eXEgRz+5mZmZmZmadS4=
38,2.70547247706422,0.10957001768822196,2.7967889908256884,gANjY29sbGVjdGlvbnMKT3JkZXJlZERpY3QKcQApUnEBKFgLAAAAdHJhbnNpdGlvbnNxAigoSwFjYXhlbHJvZC5hY3Rpb24KQWN0aW9uCnEDSwCFcQRScQVLAmgFdHEGKEsBaANLAYVxB1JxCEsDaAh0cQkoSwJoBUsBaAV0cQooSwJoCEsEaAh0cQsoSwNoBUsEaAV0cQwoSwNoCEsFaAh0cQ0oSwRoBUsFaAh0cQ4oSwRoCEsGaAV0cQ8oSwVoBUsFaAh0cRAoSwVoCEsHaAh0cREoSwZoBUsCaAh0cRIoSwZoCEsJaAV0cRMoSwdoBUsFaAh0cRQoSwdoCEsIaAh0cRUoSwhoBUsFaAh0cRYoSwhoCEsFaAV0cRcoSwloBUsCaAV0cRgoSwloCEsKaAV0cRkoSwpoBUsCaAh0cRooSwpoCEsEaAV0cRt0cRxYDQAAAGluaXRpYWxfc3RhdGVxHUsBWA4AAABpbml0aWFsX2FjdGlvbnEeaAVYCgAAAG51bV9zdGF0ZXNxH0sKWBQAAABtdXRhdGlvbl9wcm9iYWJpbGl0eXEgRz+5mZmZmZmadS4=
39,2.7205160550458714,0.08319601343060169,2.7983944954128437,gANjY29sbGVjdGlvbnMKT3JkZXJlZERpY3QKcQApUnEBKFgLAAAAdHJhbnNpdGlvbnNxAigoSwFjYXhlbHJvZC5hY3Rpb24KQWN0aW9uCnEDSwCFcQRScQVLAmgFdHEGKEsBaANLAYVxB1JxCEsDaAh0cQkoSwJoBUsBaAV0cQooSwJoCEsEaAh0cQsoSwNoBUsEaAV0cQwoSwNoCEsFaAh0cQ0oSwRoBUsFaAh0cQ4oSwRoCEsGaAV0cQ8oSwVoBUsFaAh0cRAoSwVoCEsHaAh0cREoSwZoBUsCaAh0cRIoSwZoCEsJaAV0cRMoSwdoBUsFaAh0cRQoSwdoCEsIaAh0cRUoSwhoBUsFaAh0cRYoSwhoCEsFaAV0cRcoSwloBUsCaAV0cRgoSwloCEsKaAV0cRkoSwpoBUsCaAh0cRooSwpoCEsEaAV0cRt0cRxYDQAAAGluaXRpYWxfc3RhdGVxHUsBWA4AAABpbml0aWFsX2FjdGlvbnEeaAVYCgAAAG51bV9zdGF0ZXNxH0sKWBQAAABtdXRhdGlvbl9wcm9iYWJpbGl0eXEgRz+5mZmZmZmadS4=
40,2.7258532110091744,0.08710216519245494,2.79454128440367,gANjY29sbGVjdGlvbnMKT3JkZXJlZERpY3QKcQApUnEBKFgLAAAAdHJhbnNpdGlvbnNxAigoSwFjYXhlbHJvZC5hY3Rpb24KQWN0aW9uCnEDSwCFcQRScQVLAmgFdHEGKEsBaANLAYVxB1JxCEsDaAh0cQkoSwJoBUsBaAV0cQooSwJoCEsEaAh0cQsoSwNoBUsEaAV0cQwoSwNoCEsFaAh0cQ0oSwRoBUsFaAh0cQ4oSwRoCEsGaAV0cQ8oSwVoBUsFaAh0cRAoSwVoCEsHaAh0cREoSwZoBUsCaAh0cRIoSwZoCEsJaAV0cRMoSwdoBUsFaAh0cRQoSwdoCEsIaAh0cRUoSwhoBUsFaAh0cRYoSwhoCEsFaAV0cRcoSwloBUsCaAV0cRgoSwloCEsKaAV0cRkoSwpoBUsCaAh0cRooSwpoCEsEaAV0cRt0cRxYDQAAAGluaXRpYWxfc3RhdGVxHUsBWA4AAABpbml0aWFsX2FjdGlvbnEeaAVYCgAAAG51bV9zdGF0ZXNxH0sKWBQAAABtdXRhdGlvbl9wcm9iYWJpbGl0eXEgRz+5mZmZmZmadS4=
41,2.732525229357798,0.06387659969697615,2.7921100917431194,gANjY29sbGVjdGlvbnMKT3JkZXJlZERpY3QKcQApUnEBKFgLAAAAdHJhbnNpdGlvbnNxAigoSwFjYXhlbHJvZC5hY3Rpb24KQWN0aW9uCnEDSwCFcQRScQVLAmgFdHEGKEsBaANLAYVxB1JxCEsDaAh0cQkoSwJoBUsBaAV0cQooSwJoCEsEaAh0cQsoSwNoBUsEaAV0cQwoSwNoCEsFaAh0cQ0oSwRoBUsFaAh0cQ4oSwRoCEsGaAV0cQ8oSwVoBUsFaAh0cRAoSwVoCEsHaAh0cREoSwZoBUsCaAh0cRIoSwZoCEsJaAV0cRMoSwdoBUsFaAh0cRQoSwdoCEsIaAh0cRUoSwhoBUsFaAh0cRYoSwhoCEsFaAV0cRcoSwloBUsCaAV0cRgoSwloCEsKaAV0cRkoSwpoBUsCaAh0cRooSwpoCEsEaAV0cRt0cRxYDQAAAGluaXRpYWxfc3RhdGVxHUsBWA4AAABpbml0aWFsX2FjdGlvbnEeaAVYCgAAAG51bV9zdGF0ZXNxH0sKWBQAAABtdXRhdGlvbl9wcm9iYWJpbGl0eXEgRz+5mZmZmZmadS4=
42,2.7184816513761465,0.10427030700856127,2.794678899082569,gANjY29sbGVjdGlvbnMKT3JkZXJlZERpY3QKcQApUnEBKFgLAAAAdHJhbnNpdGlvbnNxAigoSwFjYXhlbHJvZC5hY3Rpb24KQWN0aW9uCnEDSwCFcQRScQVLAmgFdHEGKEsBaANLAYVxB1JxCEsDaAh0cQkoSwJoBUsBaAV0cQooSwJoCEsEaAh0cQsoSwNoBUsEaAV0cQwoSwNoCEsFaAh0cQ0oSwRoBUsFaAh0cQ4oSwRoCEsGaAV0cQ8oSwVoBUsFaAh0cRAoSwVoCEsHaAh0cREoSwZoBUsCaAh0cRIoSwZoCEsJaAV0cRMoSwdoBUsFaAh0cRQoSwdoCEsIaAh0cRUoSwhoBUsFaAh0cRYoSwhoCEsFaAV0cRcoSwloBUsCaAV0cRgoSwloCEsKaAV0cRkoSwpoBUsCaAh0cRooSwpoCEsEaAV0cRt0cRxYDQAAAGluaXRpYWxfc3RhdGVxHUsBWA4AAABpbml0aWFsX2FjdGlvbnEeaAVYCgAAAG51bV9zdGF0ZXNxH0sKWBQAAABtdXRhdGlvbl9wcm9iYWJpbGl0eXEgRz+5mZmZmZmadS4=
43,2.7132614678899083,0.0888034486931085,2.793669724770642,gANjY29sbGVjdGlvbnMKT3JkZXJlZERpY3QKcQApUnEBKFgLAAAAdHJhbnNpdGlvbnNxAigoSwFjYXhlbHJvZC5hY3Rpb24KQWN0aW9uCnEDSwCFcQRScQVLAmgFdHEGKEsBaANLAYVxB1JxCEsDaAh0cQkoSwJoBUsBaAV0cQooSwJoCEsEaAh0cQsoSwNoBUsEaAV0cQwoSwNoCEsFaAh0cQ0oSwRoBUsFaAh0cQ4oSwRoCEsGaAV0cQ8oSwVoBUsFaAh0cRAoSwVoCEsHaAh0cREoSwZoBUsCaAh0cRIoSwZoCEsJaAV0cRMoSwdoBUsFaAh0cRQoSwdoCEsIaAh0cRUoSwhoBUsFaAh0cRYoSwhoCEsFaAV0cRcoSwloBUsCaAV0cRgoSwloCEsKaAV0cRkoSwpoBUsCaAh0cRooSwpoCEsEaAV0cRt0cRxYDQAAAGluaXRpYWxfc3RhdGVxHUsBWA4AAABpbml0aWFsX2FjdGlvbnEeaAVYCgAAAG51bV9zdGF0ZXNxH0sKWBQAAABtdXRhdGlvbl9wcm9iYWJpbGl0eXEgRz+5mZmZmZmadS4=
44,2.7302454128440368,0.08305549768847191,2.793532110091743,gANjY29sbGVjdGlvbnMKT3JkZXJlZERpY3QKcQApUnEBKFgLAAAAdHJhbnNpdGlvbnNxAigoSwFjYXhlbHJvZC5hY3Rpb24KQWN0aW9uCnEDSwCFcQRScQVLAmgFdHEGKEsBaANLAYVxB1JxCEsDaAh0cQkoSwJoBUsBaAV0cQooSwJoCEsEaAh0cQsoSwNoBUsEaAV0cQwoSwNoCEsFaAh0cQ0oSwRoBUsFaAh0cQ4oSwRoCEsGaAV0cQ8oSwVoBUsFaAh0cRAoSwVoCEsHaAh0cREoSwZoBUsCaAh0cRIoSwZoCEsJaAV0cRMoSwdoBUsFaAh0cRQoSwdoCEsIaAh0cRUoSwhoBUsFaAh0cRYoSwhoCEsFaAV0cRcoSwloBUsCaAV0cRgoSwloCEsKaAV0cRkoSwpoBUsCaAh0cRooSwpoCEsEaAV0cRt0cRxYDQAAAGluaXRpYWxfc3RhdGVxHUsBWA4AAABpbml0aWFsX2FjdGlvbnEeaAVYCgAAAG51bV9zdGF0ZXNxH0sKWBQAAABtdXRhdGlvbl9wcm9iYWJpbGl0eXEgRz+5mZmZmZmadS4=
45,2.746860091743119,0.045605539364539704,2.792935779816513,gANjY29sbGVjdGlvbnMKT3JkZXJlZERpY3QKcQApUnEBKFgLAAAAdHJhbnNpdGlvbnNxAigoSwFjYXhlbHJvZC5hY3Rpb24KQWN0aW9uCnEDSwCFcQRScQVLAmgFdHEGKEsBaANLAYVxB1JxCEsDaAh0cQkoSwJoBUsBaAV0cQooSwJoCEsEaAh0cQsoSwNoBUsEaAV0cQwoSwNoCEsFaAh0cQ0oSwRoBUsFaAh0cQ4oSwRoCEsGaAV0cQ8oSwVoBUsFaAh0cRAoSwVoCEsHaAh0cREoSwZoBUsCaAh0cRIoSwZoCEsJaAV0cRMoSwdoBUsFaAh0cRQoSwdoCEsIaAh0cRUoSwhoBUsFaAh0cRYoSwhoCEsFaAV0cRcoSwloBUsCaAV0cRgoSwloCEsKaAV0cRkoSwpoBUsCaAh0cRooSwpoCEsEaAV0cRt0cRxYDQAAAGluaXRpYWxfc3RhdGVxHUsBWA4AAABpbml0aWFsX2FjdGlvbnEeaAVYCgAAAG51bV9zdGF0ZXNxH0sKWBQAAABtdXRhdGlvbl9wcm9iYWJpbGl0eXEgRz+5mZmZmZmadS4=
46,2.7193990825688075,0.09166109739428141,2.7955504587155966,gANjY29sbGVjdGlvbnMKT3JkZXJlZERpY3QKcQApUnEBKFgLAAAAdHJhbnNpdGlvbnNxAigoSwFjYXhlbHJvZC5hY3Rpb24KQWN0aW9uCnEDSwCFcQRScQVLAmgFdHEGKEsBaANLAYVxB1JxCEsDaAh0cQkoSwJoBUsBaAV0cQooSwJoCEsEaAh0cQsoSwNoBUsEaAV0cQwoSwNoCEsFaAh0cQ0oSwRoBUsFaAh0cQ4oSwRoCEsGaAV0cQ8oSwVoBUsFaAh0cRAoSwVoCEsHaAh0cREoSwZoBUsCaAh0cRIoSwZoCEsJaAV0cRMoSwdoBUsFaAh0cRQoSwdoCEsIaAh0cRUoSwhoBUsFaAh0cRYoSwhoCEsFaAV0cRcoSwloBUsCaAV0cRgoSwloCEsKaAh0cRkoSwpoBUsCaAh0cRooSwpoCEsEaAV0cRt0cRxYDQAAAGluaXRpYWxfc3RhdGVxHUsBWA4AAABpbml0aWFsX2FjdGlvbnEeaAVYCgAAAG51bV9zdGF0ZXNxH0sKWBQAAABtdXRhdGlvbl9wcm9iYWJpbGl0eXEgRz+5mZmZmZmadS4=
47,2.7404816513761467,0.0672756107856475,2.7961009174311924,gANjY29sbGVjdGlvbnMKT3JkZXJlZERpY3QKcQApUnEBKFgLAAAAdHJhbnNpdGlvbnNxAigoSwFjYXhlbHJvZC5hY3Rpb24KQWN0aW9uCnEDSwCFcQRScQVLAmgFdHEGKEsBaANLAYVxB1JxCEsDaAh0cQkoSwJoBUsBaAV0cQooSwJoCEsEaAh0cQsoSwNoBUsEaAV0cQwoSwNoCEsFaAh0cQ0oSwRoBUsFaAh0cQ4oSwRoCEsGaAV0cQ8oSwVoBUsFaAh0cRAoSwVoCEsHaAh0cREoSwZoBUsCaAh0cRIoSwZoCEsJaAV0cRMoSwdoBUsFaAh0cRQoSwdoCEsIaAh0cRUoSwhoBUsFaAh0cRYoSwhoCEsFaAV0cRcoSwloBUsCaAV0cRgoSwloCEsKaAh0cRkoSwpoBUsCaAh0cRooSwpoCEsEaAV0cRt0cRxYDQAAAGluaXRpYWxfc3RhdGVxHUsBWA4AAABpbml0aWFsX2FjdGlvbnEeaAVYCgAAAG51bV9zdGF0ZXNxH0sKWBQAAABtdXRhdGlvbl9wcm9iYWJpbGl0eXEgRz+5mZmZmZmadS4=
48,2.744538990825688,0.06351349456515351,2.7967889908256884,gANjY29sbGVjdGlvbnMKT3JkZXJlZERpY3QKcQApUnEBKFgLAAAAdHJhbnNpdGlvbnNxAigoSwFjYXhlbHJvZC5hY3Rpb24KQWN0aW9uCnEDSwCFcQRScQVLAmgFdHEGKEsBaANLAYVxB1JxCEsDaAh0cQkoSwJoBUsBaAV0cQooSwJoCEsEaAh0cQsoSwNoBUsEaAV0cQwoSwNoCEsFaAh0cQ0oSwRoBUsFaAh0cQ4oSwRoCEsGaAV0cQ8oSwVoBUsFaAh0cRAoSwVoCEsHaAh0cREoSwZoBUsCaAh0cRIoSwZoCEsJaAV0cRMoSwdoBUsFaAh0cRQoSwdoCEsIaAh0cRUoSwhoBUsFaAh0cRYoSwhoCEsFaAV0cRcoSwloBUsCaAV0cRgoSwloCEsKaAV0cRkoSwpoBUsCaAh0cRooSwpoCEsEaAV0cRt0cRxYDQAAAGluaXRpYWxfc3RhdGVxHUsBWA4AAABpbml0aWFsX2FjdGlvbnEeaAVYCgAAAG51bV9zdGF0ZXNxH0sKWBQAAABtdXRhdGlvbl9wcm9iYWJpbGl0eXEgRz+5mZmZmZmadS4=
49,2.738532110091743,0.09305997909294154,2.7994954128440366,gANjY29sbGVjdGlvbnMKT3JkZXJlZERpY3QKcQApUnEBKFgLAAAAdHJhbnNpdGlvbnNxAigoSwFjYXhlbHJvZC5hY3Rpb24KQWN0aW9uCnEDSwCFcQRScQVLAmgFdHEGKEsBaANLAYVxB1JxCEsDaAh0cQkoSwJoBUsBaAV0cQooSwJoCEsEaAh0cQsoSwNoBUsEaAV0cQwoSwNoCEsFaAh0cQ0oSwRoBUsFaAh0cQ4oSwRoCEsGaAV0cQ8oSwVoBUsFaAh0cRAoSwVoCEsHaAh0cREoSwZoBUsCaAh0cRIoSwZoCEsJaAh0cRMoSwdoBUsFaAh0cRQoSwdoCEsIaAh0cRUoSwhoBUsFaAh0cRYoSwhoCEsFaAV0cRcoSwloBUsCaAV0cRgoSwloCEsKaAh0cRkoSwpoBUsCaAh0cRooSwpoCEsEaAV0cRt0cRxYDQAAAGluaXRpYWxfc3RhdGVxHUsBWA4AAABpbml0aWFsX2FjdGlvbnEeaAVYCgAAAG51bV9zdGF0ZXNxH0sKWBQAAABtdXRhdGlvbl9wcm9iYWJpbGl0eXEgRz+5mZmZmZmadS4=
50,2.7413509174311925,0.06688098166822137,2.7999541284403664,gANjY29sbGVjdGlvbnMKT3JkZXJlZERpY3QKcQApUnEBKFgLAAAAdHJhbnNpdGlvbnNxAigoSwFjYXhlbHJvZC5hY3Rpb24KQWN0aW9uCnEDSwCFcQRScQVLAmgFdHEGKEsBaANLAYVxB1JxCEsDaAh0cQkoSwJoBUsBaAV0cQooSwJoCEsEaAh0cQsoSwNoBUsEaAV0cQwoSwNoCEsFaAh0cQ0oSwRoBUsFaAh0cQ4oSwRoCEsGaAV0cQ8oSwVoBUsFaAh0cRAoSwVoCEsHaAh0cREoSwZoBUsCaAh0cRIoSwZoCEsJaAh0cRMoSwdoBUsFaAh0cRQoSwdoCEsIaAh0cRUoSwhoBUsFaAh0cRYoSwhoCEsFaAV0cRcoSwloBUsCaAV0cRgoSwloCEsKaAh0cRkoSwpoBUsCaAh0cRooSwpoCEsEaAV0cRt0cRxYDQAAAGluaXRpYWxfc3RhdGVxHUsBWA4AAABpbml0aWFsX2FjdGlvbnEeaAVYCgAAAG51bV9zdGF0ZXNxH0sKWBQAAABtdXRhdGlvbl9wcm9iYWJpbGl0eXEgRz+5mZmZmZmadS4=
1,2.6796926605504585,0.002260034530961171,2.683394495412844,gANjY29sbGVjdGlvbnMKT3JkZXJlZERpY3QKcQApUnEBKFgLAAAAdHJhbnNpdGlvbnNxAigoSwFjYXhlbHJvZC5hY3Rpb24KQWN0aW9uCnEDSwCFcQRScQVLAmgFdHEGKEsBaANLAYVxB1JxCEsDaAh0cQkoSwJoBUsBaAV0cQooSwJoCEsEaAh0cQsoSwNoBUsEaAV0cQwoSwNoCEsFaAh0cQ0oSwRoBUsFaAV0cQ4oSwRoCEsGaAh0cQ8oSwVoBUsCaAV0cRAoSwVoCEsJaAh0cREoSwZoBUsFaAh0cRIoSwZoCEsHaAh0cRMoSwdoBUsFaAV0cRQoSwdoCEsIaAh0cRUoSwhoBUsFaAh0cRYoSwhoCEsFaAV0cRcoSwloBUsCaAV0cRgoSwloCEsKaAV0cRkoSwpoBUsCaAV0cRooSwpoCEsEaAh0cRt0cRxYDQAAAGluaXRpYWxfc3RhdGVxHUsBWA4AAABpbml0aWFsX2FjdGlvbnEeaAVYCgAAAG51bV9zdGF0ZXNxH0sKWBQAAABtdXRhdGlvbl9wcm9iYWJpbGl0eXEgRz+5mZmZmZmadS4=
2,2.6680435779816514,0.019359446400328467,2.6857798165137616,gANjY29sbGVjdGlvbnMKT3JkZXJlZERpY3QKcQApUnEBKFgLAAAAdHJhbnNpdGlvbnNxAigoSwFjYXhlbHJvZC5hY3Rpb24KQWN0aW9uCnEDSwCFcQRScQVLAmgFdHEGKEsBaANLAYVxB1JxCEsDaAh0cQkoSwJoBUsBaAV0cQooSwJoCEsEaAh0cQsoSwNoBUsEaAV0cQwoSwNoCEsFaAh0cQ0oSwRoBUsFaAV0cQ4oSwRoCEsGaAV0cQ8oSwVoBUsCaAV0cRAoSwVoCEsJaAh0cREoSwZoBUsFaAh0cRIoSwZoCEsHaAh0cRMoSwdoBUsFaAV0cRQoSwdoCEsIaAh0cRUoSwhoBUsFaAh0cRYoSwhoCEsFaAV0cRcoSwloBUsCaAV0cRgoSwloCEsKaAV0cRkoSwpoBUsCaAV0cRooSwpoCEsEaAV0cRt0cRxYDQAAAGluaXRpYWxfc3RhdGVxHUsBWA4AAABpbml0aWFsX2FjdGlvbnEeaAVYCgAAAG51bV9zdGF0ZXNxH0sKWBQAAABtdXRhdGlvbl9wcm9iYWJpbGl0eXEgRz+5mZmZmZmadS4=
3,2.663098623853211,0.031896031162679854,2.697339449541284,gANjY29sbGVjdGlvbnMKT3JkZXJlZERpY3QKcQApUnEBKFgLAAAAdHJhbnNpdGlvbnNxAigoSwFjYXhlbHJvZC5hY3Rpb24KQWN0aW9uCnEDSwCFcQRScQVLAmgFdHEGKEsBaANLAYVxB1JxCEsDaAh0cQkoSwJoBUsBaAV0cQooSwJoCEsEaAh0cQsoSwNoBUsEaAV0cQwoSwNoCEsFaAh0cQ0oSwRoBUsFaAV0cQ4oSwRoCEsGaAV0cQ8oSwVoBUsCaAV0cRAoSwVoCEsJaAh0cREoSwZoBUsFaAh0cRIoSwZoCEsHaAh0cRMoSwdoBUsFaAV0cRQoSwdoCEsIaAh0cRUoSwhoBUsFaAh0cRYoSwhoCEsFaAV0cRcoSwloBUsCaAV0cRgoSwloCEsKaAV0cRkoSwpoBUsCaAV0cRooSwpoCEsEaAV0cRt0cRxYDQAAAGluaXRpYWxfc3RhdGVxHUsBWA4AAABpbml0aWFsX2FjdGlvbnEeaAVYCgAAAG51bV9zdGF0ZXNxH0sKWBQAAABtdXRhdGlvbl9wcm9iYWJpbGl0eXEgRz+5mZmZmZmadS4=
4,2.6485229357798166,0.06401134885121838,2.6909174311926605,gANjY29sbGVjdGlvbnMKT3JkZXJlZERpY3QKcQApUnEBKFgLAAAAdHJhbnNpdGlvbnNxAigoSwFjYXhlbHJvZC5hY3Rpb24KQWN0aW9uCnEDSwCFcQRScQVLAmgFdHEGKEsBaANLAYVxB1JxCEsDaAh0cQkoSwJoBUsBaAV0cQooSwJoCEsEaAh0cQsoSwNoBUsEaAV0cQwoSwNoCEsFaAh0cQ0oSwRoBUsFaAV0cQ4oSwRoCEsGaAV0cQ8oSwVoBUsCaAV0cRAoSwVoCEsJaAh0cREoSwZoBUsFaAh0cRIoSwZoCEsHaAh0cRMoSwdoBUsFaAV0cRQoSwdoCEsIaAh0cRUoSwhoBUsFaAh0cRYoSwhoCEsFaAV0cRcoSwloBUsCaAV0cRgoSwloCEsKaAV0cRkoSwpoBUsCaAV0cRooSwpoCEsEaAV0cRt0cRxYDQAAAGluaXRpYWxfc3RhdGVxHUsBWA4AAABpbml0aWFsX2FjdGlvbnEeaAVYCgAAAG51bV9zdGF0ZXNxH0sKWBQAAABtdXRhdGlvbl9wcm9iYWJpbGl0eXEgRz+5mZmZmZmadS4=
5,2.653639908256881,0.0668819975639177,2.6925688073394496,gANjY29sbGVjdGlvbnMKT3JkZXJlZERpY3QKcQApUnEBKFgLAAAAdHJhbnNpdGlvbnNxAigoSwFjYXhlbHJvZC5hY3Rpb24KQWN0aW9uCnEDSwCFcQRScQVLAmgFdHEGKEsBaANLAYVxB1JxCEsDaAh0cQkoSwJoBUsBaAV0cQooSwJoCEsEaAh0cQsoSwNoBUsEaAV0cQwoSwNoCEsFaAh0cQ0oSwRoBUsFaAV0cQ4oSwRoCEsGaAV0cQ8oSwVoBUsCaAV0cRAoSwVoCEsJaAh0cREoSwZoBUsFaAh0cRIoSwZoCEsHaAh0cRMoSwdoBUsFaAV0cRQoSwdoCEsIaAh0cRUoSwhoBUsFaAh0cRYoSwhoCEsFaAV0cRcoSwloBUsCaAV0cRgoSwloCEsKaAV0cRkoSwpoBUsCaAV0cRooSwpoCEsEaAV0cRt0cRxYDQAAAGluaXRpYWxfc3RhdGVxHUsBWA4AAABpbml0aWFsX2FjdGlvbnEeaAVYCgAAAG51bV9zdGF0ZXNxH0sKWBQAAABtdXRhdGlvbl9wcm9iYWJpbGl0eXEgRz+5mZmZmZmadS4=
6,2.6633555045871558,0.050480064864257115,2.692385321100917,gANjY29sbGVjdGlvbnMKT3JkZXJlZERpY3QKcQApUnEBKFgLAAAAdHJhbnNpdGlvbnNxAigoSwFjYXhlbHJvZC5hY3Rpb24KQWN0aW9uCnEDSwCFcQRScQVLAmgFdHEGKEsBaANLAYVxB1JxCEsDaAh0cQkoSwJoBUsBaAV0cQooSwJoCEsEaAh0cQsoSwNoBUsEaAV0cQwoSwNoCEsFaAh0cQ0oSwRoBUsFaAV0cQ4oSwRoCEsIaAh0cQ8oSwVoBUsCaAh0cRAoSwVoCEsJaAh0cREoSwZoBUsFaAh0cRIoSwZoCEsHaAh0cRMoSwdoBUsFaAV0cRQoSwdoCEsGaAV0cRUoSwhoBUsFaAh0cRYoSwhoCEsFaAh0cRcoSwloBUsCaAV0cRgoSwloCEsKaAV0cRkoSwpoBUsCaAV0cRooSwpoCEsEaAV0cRt0cRxYDQAAAGluaXRpYWxfc3RhdGVxHUsBWA4AAABpbml0aWFsX2FjdGlvbnEeaAVYCgAAAG51bV9zdGF0ZXNxH0sKWBQAAABtdXRhdGlvbl9wcm9iYWJpbGl0eXEgRz+5mZmZmZmadS4=
7,2.6750229357798165,0.02291305525611824,2.7003669724770645,gANjY29sbGVjdGlvbnMKT3JkZXJlZERpY3QKcQApUnEBKFgLAAAAdHJhbnNpdGlvbnNxAigoSwFjYXhlbHJvZC5hY3Rpb24KQWN0aW9uCnEDSwCFcQRScQVLAmgFdHEGKEsBaANLAYVxB1JxCEsDaAh0cQkoSwJoBUsBaAV0cQooSwJoCEsEaAh0cQsoSwNoBUsEaAV0cQwoSwNoCEsFaAh0cQ0oSwRoBUsFaAV0cQ4oSwRoCEsIaAh0cQ8oSwVoBUsCaAh0cRAoSwVoCEsJaAh0cREoSwZoBUsFaAh0cRIoSwZoCEsHaAh0cRMoSwdoBUsFaAV0cRQoSwdoCEsGaAV0cRUoSwhoBUsFaAh0cRYoSwhoCEsFaAh0cRcoSwloBUsCaAV0cRgoSwloCEsKaAV0cRkoSwpoBUsCaAV0cRooSwpoCEsEaAV0cRt0cRxYDQAAAGluaXRpYWxfc3RhdGVxHUsBWA4AAABpbml0aWFsX2FjdGlvbnEeaAVYCgAAAG51bV9zdGF0ZXNxH0sKWBQAAABtdXRhdGlvbl9wcm9iYWJpbGl0eXEgRz+5mZmZmZmadS4=
8,2.65430504587156,0.06914400553322274,2.7055963302752293,gANjY29sbGVjdGlvbnMKT3JkZXJlZERpY3QKcQApUnEBKFgLAAAAdHJhbnNpdGlvbnNxAigoSwFjYXhlbHJvZC5hY3Rpb24KQWN0aW9uCnEDSwCFcQRScQVLAmgFdHEGKEsBaANLAYVxB1JxCEsDaAh0cQkoSwJoBUsBaAV0cQooSwJoCEsEaAh0cQsoSwNoBUsEaAV0cQwoSwNoCEsFaAh0cQ0oSwRoBUsFaAV0cQ4oSwRoCEsIaAh0cQ8oSwVoBUsCaAh0cRAoSwVoCEsJaAh0cREoSwZoBUsFaAh0cRIoSwZoCEsHaAh0cRMoSwdoBUsFaAV0cRQoSwdoCEsGaAV0cRUoSwhoBUsFaAh0cRYoSwhoCEsFaAh0cRcoSwloBUsCaAV0cRgoSwloCEsKaAV0cRkoSwpoBUsCaAV0cRooSwpoCEsEaAV0cRt0cRxYDQAAAGluaXRpYWxfc3RhdGVxHUsBWA4AAABpbml0aWFsX2FjdGlvbnEeaAVYCgAAAG51bV9zdGF0ZXNxH0sKWBQAAABtdXRhdGlvbl9wcm9iYWJpbGl0eXEgRz+5mZmZmZmadS4=
9,2.6589633027522934,0.07134574509966427,2.7015137614678895,gANjY29sbGVjdGlvbnMKT3JkZXJlZERpY3QKcQApUnEBKFgLAAAAdHJhbnNpdGlvbnNxAigoSwFjYXhlbHJvZC5hY3Rpb24KQWN0aW9uCnEDSwCFcQRScQVLAmgFdHEGKEsBaANLAYVxB1JxCEsDaAh0cQkoSwJoBUsBaAV0cQooSwJoCEsEaAh0cQsoSwNoBUsEaAV0cQwoSwNoCEsFaAh0cQ0oSwRoBUsFaAV0cQ4oSwRoCEsIaAh0cQ8oSwVoBUsCaAh0cRAoSwVoCEsJaAh0cREoSwZoBUsFaAV0cRIoSwZoCEsHaAh0cRMoSwdoBUsFaAV0cRQoSwdoCEsGaAV0cRUoSwhoBUsFaAh0cRYoSwhoCEsFaAh0cRcoSwloBUsCaAV0cRgoSwloCEsKaAV0cRkoSwpoBUsCaAV0cRooSwpoCEsEaAV0cRt0cRxYDQAAAGluaXRpYWxfc3RhdGVxHUsBWA4AAABpbml0aWFsX2FjdGlvbnEeaAVYCgAAAG51bV9zdGF0ZXNxH0sKWBQAAABtdXRhdGlvbl9wcm9iYWJpbGl0eXEgRz+5mZmZmZmadS4=
10,2.675353211009174,0.029861642277146373,2.702477064220183,gANjY29sbGVjdGlvbnMKT3JkZXJlZERpY3QKcQApUnEBKFgLAAAAdHJhbnNpdGlvbnNxAigoSwFjYXhlbHJvZC5hY3Rpb24KQWN0aW9uCnEDSwCFcQRScQVLAmgFdHEGKEsBaANLAYVxB1JxCEsDaAh0cQkoSwJoBUsBaAV0cQooSwJoCEsEaAh0cQsoSwNoBUsEaAV0cQwoSwNoCEsFaAh0cQ0oSwRoBUsFaAV0cQ4oSwRoCEsIaAh0cQ8oSwVoBUsCaAh0cRAoSwVoCEsJaAh0cREoSwZoBUsFaAV0cRIoSwZoCEsHaAh0cRMoSwdoBUsFaAV0cRQoSwdoCEsGaAV0cRUoSwhoBUsFaAh0cRYoSwhoCEsFaAh0cRcoSwloBUsCaAV0cRgoSwloCEsKaAV0cRkoSwpoBUsCaAV0cRooSwpoCEsEaAV0cRt0cRxYDQAAAGluaXRpYWxfc3RhdGVxHUsBWA4AAABpbml0aWFsX2FjdGlvbnEeaAVYCgAAAG51bV9zdGF0ZXNxH0sKWBQAAABtdXRhdGlvbl9wcm9iYWJpbGl0eXEgRz+5mZmZmZmadS4=
11,2.6706009174311927,0.052238081972326045,2.7042201834862385,gANjY29sbGVjdGlvbnMKT3JkZXJlZERpY3QKcQApUnEBKFgLAAAAdHJhbnNpdGlvbnNxAigoSwFjYXhlbHJvZC5hY3Rpb24KQWN0aW9uCnEDSwCFcQRScQVLAmgFdHEGKEsBaANLAYVxB1JxCEsDaAh0cQkoSwJoBUsBaAV0cQooSwJoCEsEaAh0cQsoSwNoBUsEaAV0cQwoSwNoCEsFaAh0cQ0oSwRoBUsFaAh0cQ4oSwRoCEsGaAh0cQ8oSwVoBUsCaAh0cRAoSwVoCEsJaAh0cREoSwZoBUsFaAV0cRIoSwZoCEsIaAh0cRMoSwdoBUsFaAh0cRQoSwdoCEsHaAV0cRUoSwhoBUsFaAV0cRYoSwhoCEsFaAV0cRcoSwloBUsCaAV0cRgoSwloCEsKaAV0cRkoSwpoBUsCaAV0cRooSwpoCEsEaAh0cRt0cRxYDQAAAGluaXRpYWxfc3RhdGVxHUsBWA4AAABpbml0aWFsX2FjdGlvbnEeaAVYCgAAAG51bV9zdGF0ZXNxH0sKWBQAAABtdXRhdGlvbl9wcm9iYWJpbGl0eXEgRz+5mZmZmZmadS4=
12,2.6606399082568806,0.0759197198510313,2.7189908256880733,gANjY29sbGVjdGlvbnMKT3JkZXJlZERpY3QKcQApUnEBKFgLAAAAdHJhbnNpdGlvbnNxAigoSwFjYXhlbHJvZC5hY3Rpb24KQWN0aW9uCnEDSwCFcQRScQVLAmgFdHEGKEsBaANLAYVxB1JxCEsDaAh0cQkoSwJoBUsBaAV0cQooSwJoCEsEaAh0cQsoSwNoBUsEaAV0cQwoSwNoCEsFaAh0cQ0oSwRoBUsCaAh0cQ4oSwRoCEsJaAh0cQ8oSwVoBUsFaAh0cRAoSwVoCEsGaAh0cREoSwZoBUsFaAh0cRIoSwZoCEsHaAh0cRMoSwdoBUsFaAV0cRQoSwdoCEsIaAV0cRUoSwhoBUsFaAh0cRYoSwhoCEsFaAV0cRcoSwloBUsCaAV0cRgoSwloCEsKaAV0cRkoSwpoBUsCaAV0cRooSwpoCEsEaAh0cRt0cRxYDQAAAGluaXRpYWxfc3RhdGVxHUsBWA4AAABpbml0aWFsX2FjdGlvbnEeaAVYCgAAAG51bV9zdGF0ZXNxH0sKWBQAAABtdXRhdGlvbl9wcm9iYWJpbGl0eXEgRz+5mZmZmZmadS4=
13,2.6548532110091743,0.07717179663872095,2.7181651376146787,gANjY29sbGVjdGlvbnMKT3JkZXJlZERpY3QKcQApUnEBKFgLAAAAdHJhbnNpdGlvbnNxAigoSwFjYXhlbHJvZC5hY3Rpb24KQWN0aW9uCnEDSwCFcQRScQVLAmgFdHEGKEsBaANLAYVxB1JxCEsDaAh0cQkoSwJoBUsBaAV0cQooSwJoCEsEaAh0cQsoSwNoBUsEaAV0cQwoSwNoCEsFaAh0cQ0oSwRoBUsCaAh0cQ4oSwRoCEsJaAh0cQ8oSwVoBUsFaAh0cRAoSwVoCEsGaAh0cREoSwZoBUsFaAh0cRIoSwZoCEsHaAh0cRMoSwdoBUsFaAV0cRQoSwdoCEsIaAV0cRUoSwhoBUsFaAh0cRYoSwhoCEsFaAV0cRcoSwloBUsCaAV0cRgoSwloCEsKaAV0cRkoSwpoBUsCaAV0cRooSwpoCEsEaAh0cRt0cRxYDQAAAGluaXRpYWxfc3RhdGVxHUsBWA4AAABpbml0aWFsX2FjdGlvbnEeaAVYCgAAAG51bV9zdGF0ZXNxH0sKWBQAAABtdXRhdGlvbl9wcm9iYWJpbGl0eXEgRz+5mZmZmZmadS4=
14,2.6734747706422017,0.04018675334158885,2.720045871559633,gANjY29sbGVjdGlvbnMKT3JkZXJlZERpY3QKcQApUnEBKFgLAAAAdHJhbnNpdGlvbnNxAigoSwFjYXhlbHJvZC5hY3Rpb24KQWN0aW9uCnEDSwCFcQRScQVLAmgFdHEGKEsBaANLAYVxB1JxCEsDaAh0cQkoSwJoBUsBaAV0cQooSwJoCEsEaAh0cQsoSwNoBUsEaAV0cQwoSwNoCEsFaAh0cQ0oSwRoBUsCaAh0cQ4oSwRoCEsJaAh0cQ8oSwVoBUsFaAh0cRAoSwVoCEsGaAh0cREoSwZoBUsFaAh0cRIoSwZoCEsHaAh0cRMoSwdoBUsFaAV0cRQoSwdoCEsIaAV0cRUoSwhoBUsFaAh0cRYoSwhoCEsFaAV0cRcoSwloBUsCaAV0cRgoSwloCEsKaAV0cRkoSwpoBUsCaAV0cRooSwpoCEsEaAh0cRt0cRxYDQAAAGluaXRpYWxfc3RhdGVxHUsBWA4AAABpbml0aWFsX2FjdGlvbnEeaAVYCgAAAG51bV9zdGF0ZXNxH0sKWBQAAABtdXRhdGlvbl9wcm9iYWJpbGl0eXEgRz+5mZmZmZmadS4=
15,2.662550458715596,0.06651792679143669,2.7225688073394494,gANjY29sbGVjdGlvbnMKT3JkZXJlZERpY3QKcQApUnEBKFgLAAAAdHJhbnNpdGlvbnNxAigoSwFjYXhlbHJvZC5hY3Rpb24KQWN0aW9uCnEDSwCFcQRScQVLAmgFdHEGKEsBaANLAYVxB1JxCEsDaAh0cQkoSwJoBUsBaAV0cQooSwJoCEsEaAh0cQsoSwNoBUsEaAV0cQwoSwNoCEsFaAh0cQ0oSwRoBUsCaAh0cQ4oSwRoCEsJaAh0cQ8oSwVoBUsFaAh0cRAoSwVoCEsGaAh0cREoSwZoBUsFaAh0cRIoSwZoCEsHaAh0cRMoSwdoBUsFaAV0cRQoSwdoCEsIaAV0cRUoSwhoBUsFaAh0cRYoSwhoCEsFaAV0cRcoSwloBUsCaAV0cRgoSwloCEsKaAV0cRkoSwpoBUsCaAV0cRooSwpoCEsEaAh0cRt0cRxYDQAAAGluaXRpYWxfc3RhdGVxHUsBWA4AAABpbml0aWFsX2FjdGlvbnEeaAVYCgAAAG51bV9zdGF0ZXNxH0sKWBQAAABtdXRhdGlvbl9wcm9iYWJpbGl0eXEgRz+5mZmZmZmadS4=
16,2.6886077981651377,0.020825921850322594,2.7119266055045874,gANjY29sbGVjdGlvbnMKT3JkZXJlZERpY3QKcQApUnEBKFgLAAAAdHJhbnNpdGlvbnNxAigoSwFjYXhlbHJvZC5hY3Rpb24KQWN0aW9uCnEDSwCFcQRScQVLAmgFdHEGKEsBaANLAYVxB1JxCEsDaAh0cQkoSwJoBUsBaAV0cQooSwJoCEsEaAh0cQsoSwNoBUsEaAV0cQwoSwNoCEsFaAh0cQ0oSwRoBUsCaAh0cQ4oSwRoCEsJaAh0cQ8oSwVoBUsFaAh0cRAoSwVoCEsGaAh0cREoSwZoBUsFaAh0cRIoSwZoCEsHaAh0cRMoSwdoBUsFaAV0cRQoSwdoCEsIaAV0cRUoSwhoBUsFaAh0cRYoSwhoCEsFaAV0cRcoSwloBUsCaAV0cRgoSwloCEsKaAV0cRkoSwpoBUsCaAV0cRooSwpoCEsEaAh0cRt0cRxYDQAAAGluaXRpYWxfc3RhdGVxHUsBWA4AAABpbml0aWFsX2FjdGlvbnEeaAVYCgAAAG51bV9zdGF0ZXNxH0sKWBQAAABtdXRhdGlvbl9wcm9iYWJpbGl0eXEgRz+5mZmZmZmadS4=
17,2.684077981651376,0.037039302926522896,2.719770642201835,gANjY29sbGVjdGlvbnMKT3JkZXJlZERpY3QKcQApUnEBKFgLAAAAdHJhbnNpdGlvbnNxAigoSwFjYXhlbHJvZC5hY3Rpb24KQWN0aW9uCnEDSwCFcQRScQVLAmgFdHEGKEsBaANLAYVxB1JxCEsDaAh0cQkoSwJoBUsBaAV0cQooSwJoCEsEaAh0cQsoSwNoBUsEaAV0cQwoSwNoCEsFaAh0cQ0oSwRoBUsCaAh0cQ4oSwRoCEsJaAh0cQ8oSwVoBUsFaAh0cRAoSwVoCEsGaAh0cREoSwZoBUsFaAh0cRIoSwZoCEsHaAh0cRMoSwdoBUsFaAV0cRQoSwdoCEsIaAV0cRUoSwhoBUsFaAh0cRYoSwhoCEsFaAV0cRcoSwloBUsCaAV0cRgoSwloCEsKaAV0cRkoSwpoBUsCaAV0cRooSwpoCEsEaAh0cRt0cRxYDQAAAGluaXRpYWxfc3RhdGVxHUsBWA4AAABpbml0aWFsX2FjdGlvbnEeaAVYCgAAAG51bV9zdGF0ZXNxH0sKWBQAAABtdXRhdGlvbl9wcm9iYWJpbGl0eXEgRz+5mZmZmZmadS4=
18,2.6734610091743116,0.05286494448736215,2.717889908256881,gANjY29sbGVjdGlvbnMKT3JkZXJlZERpY3QKcQApUnEBKFgLAAAAdHJhbnNpdGlvbnNxAigoSwFjYXhlbHJvZC5hY3Rpb24KQWN0aW9uCnEDSwCFcQRScQVLAmgFdHEGKEsBaANLAYVxB1JxCEsKaAh0cQkoSwJoBUsBaAV0cQooSwJoCEsEaAh0cQsoSwNoBUsEaAV0cQwoSwNoCEsFaAh0cQ0oSwRoBUsFaAV0cQ4oSwRoCEsGaAh0cQ8oSwVoBUsCaAh0cRAoSwVoCEsJaAh0cREoSwZoBUsFaAV0cRIoSwZoCEsIaAh0cRMoSwdoBUsFaAh0cRQoSwdoCEsHaAh0cRUoSwhoBUsFaAV0cRYoSwhoCEsFaAV0cRcoSwloBUsCaAV0cRgoSwloCEsDaAh0cRkoSwpoBUsCaAV0cRooSwpoCEsEaAh0cRt0cRxYDQAAAGluaXRpYWxfc3RhdGVxHUsBWA4AAABpbml0aWFsX2FjdGlvbnEeaAVYCgAAAG51bV9zdGF0ZXNxH0sKWBQAAABtdXRhdGlvbl9wcm9iYWJpbGl0eXEgRz+5mZmZmZmadS4=
19,2.6847912844036697,0.03294980814365973,2.717018348623853,gANjY29sbGVjdGlvbnMKT3JkZXJlZERpY3QKcQApUnEBKFgLAAAAdHJhbnNpdGlvbnNxAigoSwFjYXhlbHJvZC5hY3Rpb24KQWN0aW9uCnEDSwCFcQRScQVLAmgFdHEGKEsBaANLAYVxB1JxCEsKaAh0cQkoSwJoBUsBaAV0cQooSwJoCEsEaAh0cQsoSwNoBUsEaAV0cQwoSwNoCEsFaAh0cQ0oSwRoBUsFaAV0cQ4oSwRoCEsGaAh0cQ8oSwVoBUsCaAh0cRAoSwVoCEsJaAh0cREoSwZoBUsFaAV0cRIoSwZoCEsIaAh0cRMoSwdoBUsFaAh0cRQoSwdoCEsHaAh0cRUoSwhoBUsFaAV0cRYoSwhoCEsFaAV0cRcoSwloBUsCaAV0cRgoSwloCEsDaAh0cRkoSwpoBUsCaAV0cRooSwpoCEsEaAh0cRt0cRxYDQAAAGluaXRpYWxfc3RhdGVxHUsBWA4AAABpbml0aWFsX2FjdGlvbnEeaAVYCgAAAG51bV9zdGF0ZXNxH0sKWBQAAABtdXRhdGlvbl9wcm9iYWJpbGl0eXEgRz+5mZmZmZmadS4=
20,2.6729220183486238,0.07799072006092507,2.7175229357798165,gANjY29sbGVjdGlvbnMKT3JkZXJlZERpY3QKcQApUnEBKFgLAAAAdHJhbnNpdGlvbnNxAigoSwFjYXhlbHJvZC5hY3Rpb24KQWN0aW9uCnEDSwCFcQRScQVLAmgFdHEGKEsBaANLAYVxB1JxCEsDaAh0cQkoSwJoBUsBaAV0cQooSwJoCEsEaAh0cQsoSwNoBUsEaAV0cQwoSwNoCEsFaAh0cQ0oSwRoBUsCaAh0cQ4oSwRoCEsJaAh0cQ8oSwVoBUsFaAh0cRAoSwVoCEsGaAh0cREoSwZoBUsFaAh0cRIoSwZoCEsHaAh0cRMoSwdoBUsFaAV0cRQoSwdoCEsIaAV0cRUoSwhoBUsFaAh0cRYoSwhoCEsFaAV0cRcoSwloBUsCaAV0cRgoSwloCEsKaAV0cRkoSwpoBUsCaAV0cRooSwpoCEsEaAh0cRt0cRxYDQAAAGluaXRpYWxfc3RhdGVxHUsBWA4AAABpbml0aWFsX2FjdGlvbnEeaAVYCgAAAG51bV9zdGF0ZXNxH0sKWBQAAABtdXRhdGlvbl9wcm9iYWJpbGl0eXEgRz+5mZmZmZmadS4=
21,2.69651376146789,0.025174619518275022,2.7185321100917434,gANjY29sbGVjdGlvbnMKT3JkZXJlZERpY3QKcQApUnEBKFgLAAAAdHJhbnNpdGlvbnNxAigoSwFjYXhlbHJvZC5hY3Rpb24KQWN0aW9uCnEDSwCFcQRScQVLAmgFdHEGKEsBaANLAYVxB1JxCEsDaAh0cQkoSwJoBUsBaAV0cQooSwJoCEsEaAh0cQsoSwNoBUsFaAV0cQwoSwNoCEsIaAh0cQ0oSwRoBUsEaAV0cQ4oSwRoCEsFaAh0cQ8oSwVoBUsCaAh0cRAoSwVoCEsJaAV0cREoSwZoBUsFaAV0cRIoSwZoCEsHaAh0cRMoSwdoBUsFaAh0cRQoSwdoCEsGaAh0cRUoSwhoBUsFaAh0cRYoSwhoCEsFaAh0cRcoSwloBUsCaAV0cRgoSwloCEsKaAh0cRkoSwpoBUsCaAh0cRooSwpoCEsEaAV0cRt0cRxYDQAAAGluaXRpYWxfc3RhdGVxHUsBWA4AAABpbml0aWFsX2FjdGlvbnEeaAVYCgAAAG51bV9zdGF0ZXNxH0sKWBQAAABtdXRhdGlvbl9wcm9iYWJpbGl0eXEgRz+5mZmZmZmadS4=
22,2.682834862385321,0.04475752646657442,2.7194495412844044,gANjY29sbGVjdGlvbnMKT3JkZXJlZERpY3QKcQApUnEBKFgLAAAAdHJhbnNpdGlvbnNxAigoSwFjYXhlbHJvZC5hY3Rpb24KQWN0aW9uCnEDSwCFcQRScQVLAmgFdHEGKEsBaANLAYVxB1JxCEsDaAh0cQkoSwJoBUsBaAV0cQooSwJoCEsEaAh0cQsoSwNoBUsFaAV0cQwoSwNoCEsIaAh0cQ0oSwRoBUsEaAV0cQ4oSwRoCEsFaAh0cQ8oSwVoBUsCaAh0cRAoSwVoCEsJaAV0cREoSwZoBUsFaAV0cRIoSwZoCEsHaAh0cRMoSwdoBUsFaAh0cRQoSwdoCEsGaAh0cRUoSwhoBUsFaAh0cRYoSwhoCEsFaAh0cRcoSwloBUsCaAV0cRgoSwloCEsKaAh0cRkoSwpoBUsCaAh0cRooSwpoCEsEaAV0cRt0cRxYDQAAAGluaXRpYWxfc3RhdGVxHUsBWA4AAABpbml0aWFsX2FjdGlvbnEeaAVYCgAAAG51bV9zdGF0ZXNxH0sKWBQAAABtdXRhdGlvbl9wcm9iYWJpbGl0eXEgRz+5mZmZmZmadS4=
23,2.6755091743119266,0.07812313244969252,2.7160091743119263,gANjY29sbGVjdGlvbnMKT3JkZXJlZERpY3QKcQApUnEBKFgLAAAAdHJhbnNpdGlvbnNxAigoSwFjYXhlbHJvZC5hY3Rpb24KQWN0aW9uCnEDSwCFcQRScQVLAmgFdHEGKEsBaANLAYVxB1JxCEsDaAh0cQkoSwJoBUsBaAV0cQooSwJoCEsEaAh0cQsoSwNoBUsEaAV0cQwoSwNoCEsFaAh0cQ0oSwRoBUsFaAV0cQ4oSwRoCEsIaAh0cQ8oSwVoBUsCaAh0cRAoSwVoCEsJaAh0cREoSwZoBUsFaAV0cRIoSwZoCEsHaAh0cRMoSwdoBUsFaAV0cRQoSwdoCEsGaAV0cRUoSwhoBUsFaAV0cRYoSwhoCEsFaAh0cRcoSwloBUsCaAV0cRgoSwloCEsKaAV0cRkoSwpoBUsCaAV0cRooSwpoCEsEaAV0cRt0cRxYDQAAAGluaXRpYWxfc3RhdGVxHUsBWA4AAABpbml0aWFsX2FjdGlvbnEeaAVYCgAAAG51bV9zdGF0ZXNxH0sKWBQAAABtdXRhdGlvbl9wcm9iYWJpbGl0eXEgRz+5mZmZmZmadS4=
24,2.6512224770642203,0.10616113059073927,2.7331651376146784,gANjY29sbGVjdGlvbnMKT3JkZXJlZERpY3QKcQApUnEBKFgLAAAAdHJhbnNpdGlvbnNxAigoSwFjYXhlbHJvZC5hY3Rpb24KQWN0aW9uCnEDSwCFcQRScQVLAmgFdHEGKEsBaANLAYVxB1JxCEsDaAh0cQkoSwJoBUsBaAV0cQooSwJoCEsEaAh0cQsoSwNoBUsFaAV0cQwoSwNoCEsFaAh0cQ0oSwRoBUsCaAh0cQ4oSwRoCEsJaAh0cQ8oSwVoBUsFaAh0cRAoSwVoCEsGaAV0cREoSwZoBUsFaAh0cRIoSwZoCEsHaAh0cRMoSwdoBUsFaAV0cRQoSwdoCEsIaAh0cRUoSwhoBUsEaAV0cRYoSwhoCEsFaAh0cRcoSwloBUsCaAV0cRgoSwloCEsKaAV0cRkoSwpoBUsCaAV0cRooSwpoCEsEaAh0cRt0cRxYDQAAAGluaXRpYWxfc3RhdGVxHUsBWA4AAABpbml0aWFsX2FjdGlvbnEeaAVYCgAAAG51bV9zdGF0ZXNxH0sKWBQAAABtdXRhdGlvbl9wcm9iYWJpbGl0eXEgRz+5mZmZmZmadS4=
25,2.6815435779816514,0.055630220759832746,2.735091743119266,gANjY29sbGVjdGlvbnMKT3JkZXJlZERpY3QKcQApUnEBKFgLAAAAdHJhbnNpdGlvbnNxAigoSwFjYXhlbHJvZC5hY3Rpb24KQWN0aW9uCnEDSwCFcQRScQVLAmgFdHEGKEsBaANLAYVxB1JxCEsDaAh0cQkoSwJoBUsBaAV0cQooSwJoCEsEaAh0cQsoSwNoBUsFaAV0cQwoSwNoCEsFaAh0cQ0oSwRoBUsCaAh0cQ4oSwRoCEsJaAh0cQ8oSwVoBUsFaAh0cRAoSwVoCEsGaAV0cREoSwZoBUsFaAh0cRIoSwZoCEsHaAh0cRMoSwdoBUsFaAV0cRQoSwdoCEsIaAh0cRUoSwhoBUsEaAV0cRYoSwhoCEsFaAh0cRcoSwloBUsCaAV0cRgoSwloCEsKaAV0cRkoSwpoBUsCaAV0cRooSwpoCEsEaAh0cRt0cRxYDQAAAGluaXRpYWxfc3RhdGVxHUsBWA4AAABpbml0aWFsX2FjdGlvbnEeaAVYCgAAAG51bV9zdGF0ZXNxH0sKWBQAAABtdXRhdGlvbl9wcm9iYWJpbGl0eXEgRz+5mZmZmZmadS4=
26,2.69026376146789,0.04226264783503804,2.7325229357798166,gANjY29sbGVjdGlvbnMKT3JkZXJlZERpY3QKcQApUnEBKFgLAAAAdHJhbnNpdGlvbnNxAigoSwFjYXhlbHJvZC5hY3Rpb24KQWN0aW9uCnEDSwCFcQRScQVLAmgFdHEGKEsBaANLAYVxB1JxCEsDaAh0cQkoSwJoBUsBaAV0cQooSwJoCEsEaAh0cQsoSwNoBUsFaAV0cQwoSwNoCEsFaAh0cQ0oSwRoBUsCaAh0cQ4oSwRoCEsJaAh0cQ8oSwVoBUsFaAh0cRAoSwVoCEsGaAV0cREoSwZoBUsFaAh0cRIoSwZoCEsHaAh0cRMoSwdoBUsFaAV0cRQoSwdoCEsIaAh0cRUoSwhoBUsEaAV0cRYoSwhoCEsFaAh0cRcoSwloBUsCaAV0cRgoSwloCEsKaAV0cRkoSwpoBUsCaAV0cRooSwpoCEsEaAh0cRt0cRxYDQAAAGluaXRpYWxfc3RhdGVxHUsBWA4AAABpbml0aWFsX2FjdGlvbnEeaAVYCgAAAG51bV9zdGF0ZXNxH0sKWBQAAABtdXRhdGlvbl9wcm9iYWJpbGl0eXEgRz+5mZmZmZmadS4=
27,2.683231651376147,0.05318904654904906,2.7372477064220186,gANjY29sbGVjdGlvbnMKT3JkZXJlZERpY3QKcQApUnEBKFgLAAAAdHJhbnNpdGlvbnNxAigoSwFjYXhlbHJvZC5hY3Rpb24KQWN0aW9uCnEDSwCFcQRScQVLAmgFdHEGKEsBaANLAYVxB1JxCEsDaAh0cQkoSwJoBUsBaAV0cQooSwJoCEsEaAh0cQsoSwNoBUsFaAV0cQwoSwNoCEsFaAh0cQ0oSwRoBUsCaAh0cQ4oSwRoCEsJaAh0cQ8oSwVoBUsFaAh0cRAoSwVoCEsGaAV0cREoSwZoBUsFaAh0cRIoSwZoCEsHaAh0cRMoSwdoBUsFaAV0cRQoSwdoCEsIaAh0cRUoSwhoBUsEaAV0cRYoSwhoCEsFaAh0cRcoSwloBUsCaAV0cRgoSwloCEsKaAV0cRkoSwpoBUsCaAV0cRooSwpoCEsEaAh0cRt0cRxYDQAAAGluaXRpYWxfc3RhdGVxHUsBWA4AAABpbml0aWFsX2FjdGlvbnEeaAVYCgAAAG51bV9zdGF0ZXNxH0sKWBQAAABtdXRhdGlvbl9wcm9iYWJpbGl0eXEgRz+5mZmZmZmadS4=
28,2.6779495412844034,0.07775909702041427,2.7373853211009176,gANjY29sbGVjdGlvbnMKT3JkZXJlZERpY3QKcQApUnEBKFgLAAAAdHJhbnNpdGlvbnNxAigoSwFjYXhlbHJvZC5hY3Rpb24KQWN0aW9uCnEDSwCFcQRScQVLAmgFdHEGKEsBaANLAYVxB1JxCEsDaAh0cQkoSwJoBUsBaAV0cQooSwJoCEsEaAh0cQsoSwNoBUsFaAV0cQwoSwNoCEsFaAh0cQ0oSwRoBUsCaAh0cQ4oSwRoCEsJaAh0cQ8oSwVoBUsFaAh0cRAoSwVoCEsGaAV0cREoSwZoBUsFaAh0cRIoSwZoCEsHaAh0cRMoSwdoBUsFaAV0cRQoSwdoCEsIaAh0cRUoSwhoBUsEaAV0cRYoSwhoCEsFaAh0cRcoSwloBUsCaAV0cRgoSwloCEsKaAV0cRkoSwpoBUsCaAV0cRooSwpoCEsEaAh0cRt0cRxYDQAAAGluaXRpYWxfc3RhdGVxHUsBWA4AAABpbml0aWFsX2FjdGlvbnEeaAVYCgAAAG51bV9zdGF0ZXNxH0sKWBQAAABtdXRhdGlvbl9wcm9iYWJpbGl0eXEgRz+5mZmZmZmadS4=
29,2.6850435779816517,0.053598787658928136,2.735917431192661,gANjY29sbGVjdGlvbnMKT3JkZXJlZERpY3QKcQApUnEBKFgLAAAAdHJhbnNpdGlvbnNxAigoSwFjYXhlbHJvZC5hY3Rpb24KQWN0aW9uCnEDSwCFcQRScQVLAmgFdHEGKEsBaANLAYVxB1JxCEsDaAh0cQkoSwJoBUsBaAV0cQooSwJoCEsEaAh0cQsoSwNoBUsFaAV0cQwoSwNoCEsFaAh0cQ0oSwRoBUsCaAh0cQ4oSwRoCEsJaAh0cQ8oSwVoBUsFaAh0cRAoSwVoCEsGaAV0cREoSwZoBUsFaAh0cRIoSwZoCEsHaAh0cRMoSwdoBUsFaAV0cRQoSwdoCEsIaAh0cRUoSwhoBUsEaAV0cRYoSwhoCEsFaAh0cRcoSwloBUsCaAV0cRgoSwloCEsKaAV0cRkoSwpoBUsCaAV0cRooSwpoCEsEaAh0cRt0cRxYDQAAAGluaXRpYWxfc3RhdGVxHUsBWA4AAABpbml0aWFsX2FjdGlvbnEeaAVYCgAAAG51bV9zdGF0ZXNxH0sKWBQAAABtdXRhdGlvbl9wcm9iYWJpbGl0eXEgRz+5mZmZmZmadS4=
30,2.696270642201835,0.0409592087806972,2.7388532110091743,gANjY29sbGVjdGlvbnMKT3JkZXJlZERpY3QKcQApUnEBKFgLAAAAdHJhbnNpdGlvbnNxAigoSwFjYXhlbHJvZC5hY3Rpb24KQWN0aW9uCnEDSwCFcQRScQVLAmgFdHEGKEsBaANLAYVxB1JxCEsDaAh0cQkoSwJoBUsBaAV0cQooSwJoCEsEaAh0cQsoSwNoBUsFaAV0cQwoSwNoCEsFaAh0cQ0oSwRoBUsCaAh0cQ4oSwRoCEsJaAh0cQ8oSwVoBUsFaAh0cRAoSwVoCEsGaAV0cREoSwZoBUsFaAh0cRIoSwZoCEsHaAh0cRMoSwdoBUsFaAV0cRQoSwdoCEsIaAh0cRUoSwhoBUsEaAV0cRYoSwhoCEsFaAh0cRcoSwloBUsCaAV0cRgoSwloCEsKaAV0cRkoSwpoBUsCaAV0cRooSwpoCEsEaAh0cRt0cRxYDQAAAGluaXRpYWxfc3RhdGVxHUsBWA4AAABpbml0aWFsX2FjdGlvbnEeaAVYCgAAAG51bV9zdGF0ZXNxH0sKWBQAAABtdXRhdGlvbl9wcm9iYWJpbGl0eXEgRz+5mZmZmZmadS4=
31,2.703165137614679,0.031067900121802362,2.74151376146789,gANjY29sbGVjdGlvbnMKT3JkZXJlZERpY3QKcQApUnEBKFgLAAAAdHJhbnNpdGlvbnNxAigoSwFjYXhlbHJvZC5hY3Rpb24KQWN0aW9uCnEDSwCFcQRScQVLAmgFdHEGKEsBaANLAYVxB1JxCEsDaAh0cQkoSwJoBUsBaAV0cQooSwJoCEsEaAh0cQsoSwNoBUsFaAV0cQwoSwNoCEsFaAh0cQ0oSwRoBUsCaAh0cQ4oSwRoCEsJaAh0cQ8oSwVoBUsFaAh0cRAoSwVoCEsGaAV0cREoSwZoBUsFaAh0cRIoSwZoCEsHaAh0cRMoSwdoBUsFaAV0cRQoSwdoCEsIaAh0cRUoSwhoBUsEaAV0cRYoSwhoCEsFaAh0cRcoSwloBUsCaAV0cRgoSwloCEsKaAV0cRkoSwpoBUsCaAV0cRooSwpoCEsEaAh0cRt0cRxYDQAAAGluaXRpYWxfc3RhdGVxHUsBWA4AAABpbml0aWFsX2FjdGlvbnEeaAVYCgAAAG51bV9zdGF0ZXNxH0sKWBQAAABtdXRhdGlvbl9wcm9iYWJpbGl0eXEgRz+5mZmZmZmadS4=
32,2.710135321100917,0.023836552382507908,2.7410550458715592,gANjY29sbGVjdGlvbnMKT3JkZXJlZERpY3QKcQApUnEBKFgLAAAAdHJhbnNpdGlvbnNxAigoSwFjYXhlbHJvZC5hY3Rpb24KQWN0aW9uCnEDSwCFcQRScQVLAmgFdHEGKEsBaANLAYVxB1JxCEsDaAh0cQkoSwJoBUsBaAV0cQooSwJoCEsEaAh0cQsoSwNoBUsFaAV0cQwoSwNoCEsFaAh0cQ0oSwRoBUsCaAh0cQ4oSwRoCEsJaAh0cQ8oSwVoBUsFaAh0cRAoSwVoCEsGaAV0cREoSwZoBUsFaAh0cRIoSwZoCEsHaAh0cRMoSwdoBUsFaAV0cRQoSwdoCEsIaAh0cRUoSwhoBUsEaAV0cRYoSwhoCEsFaAh0cRcoSwloBUsCaAV0cRgoSwloCEsKaAV0cRkoSwpoBUsCaAV0cRooSwpoCEsEaAh0cRt0cRxYDQAAAGluaXRpYWxfc3RhdGVxHUsBWA4AAABpbml0aWFsX2FjdGlvbnEeaAVYCgAAAG51bV9zdGF0ZXNxH0sKWBQAAABtdXRhdGlvbl9wcm9iYWJpbGl0eXEgRz+5mZmZmZmadS4=
33,2.700408256880734,0.048406211677972835,2.746651376146789,gANjY29sbGVjdGlvbnMKT3JkZXJlZERpY3QKcQApUnEBKFgLAAAAdHJhbnNpdGlvbnNxAigoSwFjYXhlbHJvZC5hY3Rpb24KQWN0aW9uCnEDSwCFcQRScQVLAmgFdHEGKEsBaANLAYVxB1JxCEsDaAh0cQkoSwJoBUsBaAV0cQooSwJoCEsEaAh0cQsoSwNoBUsFaAV0cQwoSwNoCEsFaAh0cQ0oSwRoBUsCaAh0cQ4oSwRoCEsJaAh0cQ8oSwVoBUsFaAh0cRAoSwVoCEsGaAV0cREoSwZoBUsFaAh0cRIoSwZoCEsHaAh0cRMoSwdoBUsFaAV0cRQoSwdoCEsIaAh0cRUoSwhoBUsEaAV0cRYoSwhoCEsFaAh0cRcoSwloBUsCaAh0cRgoSwloCEsKaAV0cRkoSwpoBUsCaAV0cRooSwpoCEsEaAh0cRt0cRxYDQAAAGluaXRpYWxfc3RhdGVxHUsBWA4AAABpbml0aWFsX2FjdGlvbnEeaAVYCgAAAG51bV9zdGF0ZXNxH0sKWBQAAABtdXRhdGlvbl9wcm9iYWJpbGl0eXEgRz+5mZmZmZmadS4=
34,2.6849885321100917,0.07530739669466653,2.748761467889908,gANjY29sbGVjdGlvbnMKT3JkZXJlZERpY3QKcQApUnEBKFgLAAAAdHJhbnNpdGlvbnNxAigoSwFjYXhlbHJvZC5hY3Rpb24KQWN0aW9uCnEDSwCFcQRScQVLAmgFdHEGKEsBaANLAYVxB1JxCEsDaAh0cQkoSwJoBUsEaAV0cQooSwJoCEsFaAh0cQsoSwNoBUsBaAV0cQwoSwNoCEsEaAh0cQ0oSwRoBUsCaAh0cQ4oSwRoCEsJaAh0cQ8oSwVoBUsFaAh0cRAoSwVoCEsGaAh0cREoSwZoBUsFaAh0cRIoSwZoCEsHaAV0cRMoSwdoBUsFaAV0cRQoSwdoCEsIaAh0cRUoSwhoBUsFaAV0cRYoSwhoCEsFaAV0cRcoSwloBUsCaAV0cRgoSwloCEsKaAV0cRkoSwpoBUsCaAV0cRooSwpoCEsEaAh0cRt0cRxYDQAAAGluaXRpYWxfc3RhdGVxHUsBWA4AAABpbml0aWFsX2FjdGlvbnEeaAVYCgAAAG51bV9zdGF0ZXNxH0sKWBQAAABtdXRhdGlvbl9wcm9iYWJpbGl0eXEgRz+5mZmZmZmadS4=
35,2.6898830275229355,0.08636522447106766,2.746422018348624,gANjY29sbGVjdGlvbnMKT3JkZXJlZERpY3QKcQApUnEBKFgLAAAAdHJhbnNpdGlvbnNxAigoSwFjYXhlbHJvZC5hY3Rpb24KQWN0aW9uCnEDSwCFcQRScQVLAmgFdHEGKEsBaANLAYVxB1JxCEsDaAh0cQkoSwJoBUsBaAV0cQooSwJoCEsEaAh0cQsoSwNoBUsFaAV0cQwoSwNoCEsFaAh0cQ0oSwRoBUsCaAh0cQ4oSwRoCEsJaAh0cQ8oSwVoBUsFaAh0cRAoSwVoCEsGaAV0cREoSwZoBUsFaAh0cRIoSwZoCEsHaAh0cRMoSwdoBUsFaAV0cRQoSwdoCEsIaAh0cRUoSwhoBUsEaAV0cRYoSwhoCEsFaAh0cRcoSwloBUsCaAh0cRgoSwloCEsKaAV0cRkoSwpoBUsCaAV0cRooSwpoCEsEaAh0cRt0cRxYDQAAAGluaXRpYWxfc3RhdGVxHUsBWA4AAABpbml0aWFsX2FjdGlvbnEeaAVYCgAAAG51bV9zdGF0ZXNxH0sKWBQAAABtdXRhdGlvbl9wcm9iYWJpbGl0eXEgRz+5mZmZmZmadS4=
36,2.7133440366972477,0.03921074219749157,2.7455963302752293,gANjY29sbGVjdGlvbnMKT3JkZXJlZERpY3QKcQApUnEBKFgLAAAAdHJhbnNpdGlvbnNxAigoSwFjYXhlbHJvZC5hY3Rpb24KQWN0aW9uCnEDSwCFcQRScQVLAmgFdHEGKEsBaANLAYVxB1JxCEsDaAh0cQkoSwJoBUsBaAV0cQooSwJoCEsEaAh0cQsoSwNoBUsFaAV0cQwoSwNoCEsFaAh0cQ0oSwRoBUsCaAh0cQ4oSwRoCEsJaAh0cQ8oSwVoBUsFaAh0cRAoSwVoCEsGaAV0cREoSwZoBUsFaAh0cRIoSwZoCEsHaAh0cRMoSwdoBUsFaAV0cRQoSwdoCEsIaAh0cRUoSwhoBUsEaAV0cRYoSwhoCEsFaAh0cRcoSwloBUsCaAh0cRgoSwloCEsKaAV0cRkoSwpoBUsCaAV0cRooSwpoCEsEaAh0cRt0cRxYDQAAAGluaXRpYWxfc3RhdGVxHUsBWA4AAABpbml0aWFsX2FjdGlvbnEeaAVYCgAAAG51bV9zdGF0ZXNxH0sKWBQAAABtdXRhdGlvbl9wcm9iYWJpbGl0eXEgRz+5mZmZmZmadS4=
37,2.679747706422018,0.09712898619237036,2.7457798165137617,gANjY29sbGVjdGlvbnMKT3JkZXJlZERpY3QKcQApUnEBKFgLAAAAdHJhbnNpdGlvbnNxAigoSwFjYXhlbHJvZC5hY3Rpb24KQWN0aW9uCnEDSwCFcQRScQVLAmgFdHEGKEsBaANLAYVxB1JxCEsDaAh0cQkoSwJoBUsBaAV0cQooSwJoCEsEaAh0cQsoSwNoBUsFaAV0cQwoSwNoCEsFaAh0cQ0oSwRoBUsCaAh0cQ4oSwRoCEsJaAh0cQ8oSwVoBUsFaAh0cRAoSwVoCEsGaAV0cREoSwZoBUsFaAh0cRIoSwZoCEsHaAh0cRMoSwdoBUsFaAV0cRQoSwdoCEsIaAh0cRUoSwhoBUsEaAV0cRYoSwhoCEsFaAh0cRcoSwloBUsCaAh0cRgoSwloCEsKaAV0cRkoSwpoBUsCaAV0cRooSwpoCEsEaAh0cRt0cRxYDQAAAGluaXRpYWxfc3RhdGVxHUsBWA4AAABpbml0aWFsX2FjdGlvbnEeaAVYCgAAAG51bV9zdGF0ZXNxH0sKWBQAAABtdXRhdGlvbl9wcm9iYWJpbGl0eXEgRz+5mZmZmZmadS4=
38,2.6929885321100917,0.09029840489396843,2.7542660550458717,gANjY29sbGVjdGlvbnMKT3JkZXJlZERpY3QKcQApUnEBKFgLAAAAdHJhbnNpdGlvbnNxAigoSwFjYXhlbHJvZC5hY3Rpb24KQWN0aW9uCnEDSwCFcQRScQVLAmgFdHEGKEsBaANLAYVxB1JxCEsDaAh0cQkoSwJoBUsEaAV0cQooSwJoCEsFaAh0cQsoSwNoBUsCaAV0cQwoSwNoCEsKaAV0cQ0oSwRoBUsCaAh0cQ4oSwRoCEsJaAh0cQ8oSwVoBUsFaAh0cRAoSwVoCEsGaAh0cREoSwZoBUsFaAh0cRIoSwZoCEsHaAV0cRMoSwdoBUsFaAV0cRQoSwdoCEsIaAh0cRUoSwhoBUsFaAV0cRYoSwhoCEsFaAh0cRcoSwloBUsBaAV0cRgoSwloCEsEaAh0cRkoSwpoBUsCaAh0cRooSwpoCEsEaAh0cRt0cRxYDQAAAGluaXRpYWxfc3RhdGVxHUsBWA4AAABpbml0aWFsX2FjdGlvbnEeaAVYCgAAAG51bV9zdGF0ZXNxH0sKWBQAAABtdXRhdGlvbl9wcm9iYWJpbGl0eXEgRz+5mZmZmZmadS4=
39,2.7106100917431193,0.0571663867194528,2.770871559633027,gANjY29sbGVjdGlvbnMKT3JkZXJlZERpY3QKcQApUnEBKFgLAAAAdHJhbnNpdGlvbnNxAigoSwFjYXhlbHJvZC5hY3Rpb24KQWN0aW9uCnEDSwCFcQRScQVLAmgFdHEGKEsBaANLAYVxB1JxCEsDaAh0cQkoSwJoBUsEaAV0cQooSwJoCEsFaAh0cQsoSwNoBUsCaAV0cQwoSwNoCEsKaAV0cQ0oSwRoBUsCaAh0cQ4oSwRoCEsJaAh0cQ8oSwVoBUsFaAh0cRAoSwVoCEsGaAh0cREoSwZoBUsFaAh0cRIoSwZoCEsHaAV0cRMoSwdoBUsFaAV0cRQoSwdoCEsIaAh0cRUoSwhoBUsFaAV0cRYoSwhoCEsFaAh0cRcoSwloBUsBaAV0cRgoSwloCEsEaAh0cRkoSwpoBUsCaAh0cRooSwpoCEsEaAh0cRt0cRxYDQAAAGluaXRpYWxfc3RhdGVxHUsBWA4AAABpbml0aWFsX2FjdGlvbnEeaAVYCgAAAG51bV9zdGF0ZXNxH0sKWBQAAABtdXRhdGlvbl9wcm9iYWJpbGl0eXEgRz+5mZmZmZmadS4=
40,2.7164610091743118,0.04418339545494574,2.7697247706422017,gANjY29sbGVjdGlvbnMKT3JkZXJlZERpY3QKcQApUnEBKFgLAAAAdHJhbnNpdGlvbnNxAigoSwFjYXhlbHJvZC5hY3Rpb24KQWN0aW9uCnEDSwCFcQRScQVLAmgFdHEGKEsBaANLAYVxB1JxCEsDaAh0cQkoSwJoBUsEaAV0cQooSwJoCEsFaAh0cQsoSwNoBUsCaAV0cQwoSwNoCEsKaAV0cQ0oSwRoBUsCaAh0cQ4oSwRoCEsJaAh0cQ8oSwVoBUsFaAh0cRAoSwVoCEsGaAh0cREoSwZoBUsFaAh0cRIoSwZoCEsHaAV0cRMoSwdoBUsFaAV0cRQoSwdoCEsIaAh0cRUoSwhoBUsFaAV0cRYoSwhoCEsFaAh0cRcoSwloBUsBaAV0cRgoSwloCEsEaAh0cRkoSwpoBUsCaAh0cRooSwpoCEsEaAh0cRt0cRxYDQAAAGluaXRpYWxfc3RhdGVxHUsBWA4AAABpbml0aWFsX2FjdGlvbnEeaAVYCgAAAG51bV9zdGF0ZXNxH0sKWBQAAABtdXRhdGlvbl9wcm9iYWJpbGl0eXEgRz+5mZmZmZmadS4=
41,2.69744495412844,0.07262802780279357,2.7670183486238527,gANjY29sbGVjdGlvbnMKT3JkZXJlZERpY3QKcQApUnEBKFgLAAAAdHJhbnNpdGlvbnNxAigoSwFjYXhlbHJvZC5hY3Rpb24KQWN0aW9uCnEDSwCFcQRScQVLAmgFdHEGKEsBaANLAYVxB1JxCEsDaAh0cQkoSwJoBUsEaAV0cQooSwJoCEsFaAh0cQsoSwNoBUsCaAV0cQwoSwNoCEsKaAV0cQ0oSwRoBUsCaAh0cQ4oSwRoCEsJaAh0cQ8oSwVoBUsFaAh0cRAoSwVoCEsGaAh0cREoSwZoBUsFaAh0cRIoSwZoCEsHaAV0cRMoSwdoBUsFaAV0cRQoSwdoCEsIaAh0cRUoSwhoBUsFaAV0cRYoSwhoCEsFaAh0cRcoSwloBUsBaAV0cRgoSwloCEsEaAh0cRkoSwpoBUsCaAh0cRooSwpoCEsEaAh0cRt0cRxYDQAAAGluaXRpYWxfc3RhdGVxHUsBWA4AAABpbml0aWFsX2FjdGlvbnEeaAVYCgAAAG51bV9zdGF0ZXNxH0sKWBQAAABtdXRhdGlvbl9wcm9iYWJpbGl0eXEgRz+5mZmZmZmadS4=
42,2.7225733944954125,0.05413234300190147,2.779954128440367,gANjY29sbGVjdGlvbnMKT3JkZXJlZERpY3QKcQApUnEBKFgLAAAAdHJhbnNpdGlvbnNxAigoSwFjYXhlbHJvZC5hY3Rpb24KQWN0aW9uCnEDSwCFcQRScQVLAmgFdHEGKEsBaANLAYVxB1JxCEsDaAh0cQkoSwJoBUsEaAV0cQooSwJoCEsFaAh0cQsoSwNoBUsCaAV0cQwoSwNoCEsKaAV0cQ0oSwRoBUsCaAh0cQ4oSwRoCEsJaAh0cQ8oSwVoBUsFaAh0cRAoSwVoCEsGaAh0cREoSwZoBUsFaAh0cRIoSwZoCEsHaAV0cRMoSwdoBUsFaAV0cRQoSwdoCEsIaAh0cRUoSwhoBUsFaAV0cRYoSwhoCEsFaAh0cRcoSwloBUsBaAV0cRgoSwloCEsEaAh0cRkoSwpoBUsCaAh0cRooSwpoCEsEaAh0cRt0cRxYDQAAAGluaXRpYWxfc3RhdGVxHUsBWA4AAABpbml0aWFsX2FjdGlvbnEeaAVYCgAAAG51bV9zdGF0ZXNxH0sKWBQAAABtdXRhdGlvbl9wcm9iYWJpbGl0eXEgRz+5mZmZmZmadS4=
43,2.6963440366972478,0.09929518271036977,2.772155963302752,gANjY29sbGVjdGlvbnMKT3JkZXJlZERpY3QKcQApUnEBKFgLAAAAdHJhbnNpdGlvbnNxAigoSwFjYXhlbHJvZC5hY3Rpb24KQWN0aW9uCnEDSwCFcQRScQVLAmgFdHEGKEsBaANLAYVxB1JxCEsDaAh0cQkoSwJoBUsEaAV0cQooSwJoCEsFaAh0cQsoSwNoBUsCaAV0cQwoSwNoCEsKaAV0cQ0oSwRoBUsCaAh0cQ4oSwRoCEsJaAh0cQ8oSwVoBUsFaAh0cRAoSwVoCEsGaAh0cREoSwZoBUsFaAh0cRIoSwZoCEsHaAV0cRMoSwdoBUsFaAV0cRQoSwdoCEsIaAh0cRUoSwhoBUsFaAV0cRYoSwhoCEsFaAh0cRcoSwloBUsBaAV0cRgoSwloCEsEaAh0cRkoSwpoBUsCaAh0cRooSwpoCEsEaAh0cRt0cRxYDQAAAGluaXRpYWxfc3RhdGVxHUsBWA4AAABpbml0aWFsX2FjdGlvbnEeaAVYCgAAAG51bV9zdGF0ZXNxH0sKWBQAAABtdXRhdGlvbl9wcm9iYWJpbGl0eXEgRz+5mZmZmZmadS4=
44,2.7011949541284404,0.08895006807480582,2.772293577981651,gANjY29sbGVjdGlvbnMKT3JkZXJlZERpY3QKcQApUnEBKFgLAAAAdHJhbnNpdGlvbnNxAigoSwFjYXhlbHJvZC5hY3Rpb24KQWN0aW9uCnEDSwCFcQRScQVLAmgFdHEGKEsBaANLAYVxB1JxCEsDaAh0cQkoSwJoBUsEaAV0cQooSwJoCEsFaAh0cQsoSwNoBUsCaAV0cQwoSwNoCEsKaAV0cQ0oSwRoBUsCaAh0cQ4oSwRoCEsJaAh0cQ8oSwVoBUsFaAh0cRAoSwVoCEsGaAh0cREoSwZoBUsFaAh0cRIoSwZoCEsHaAV0cRMoSwdoBUsFaAV0cRQoSwdoCEsIaAh0cRUoSwhoBUsFaAV0cRYoSwhoCEsFaAh0cRcoSwloBUsBaAV0cRgoSwloCEsEaAh0cRkoSwpoBUsCaAh0cRooSwpoCEsEaAh0cRt0cRxYDQAAAGluaXRpYWxfc3RhdGVxHUsBWA4AAABpbml0aWFsX2FjdGlvbnEeaAVYCgAAAG51bV9zdGF0ZXNxH0sKWBQAAABtdXRhdGlvbl9wcm9iYWJpbGl0eXEgRz+5mZmZmZmadS4=
45,2.7154449541284404,0.05255393720708927,2.776100917431193,gANjY29sbGVjdGlvbnMKT3JkZXJlZERpY3QKcQApUnEBKFgLAAAAdHJhbnNpdGlvbnNxAigoSwFjYXhlbHJvZC5hY3Rpb24KQWN0aW9uCnEDSwCFcQRScQVLAmgFdHEGKEsBaANLAYVxB1JxCEsDaAh0cQkoSwJoBUsEaAV0cQooSwJoCEsFaAh0cQsoSwNoBUsCaAV0cQwoSwNoCEsKaAV0cQ0oSwRoBUsCaAh0cQ4oSwRoCEsJaAh0cQ8oSwVoBUsFaAh0cRAoSwVoCEsGaAh0cREoSwZoBUsFaAh0cRIoSwZoCEsHaAV0cRMoSwdoBUsFaAV0cRQoSwdoCEsIaAh0cRUoSwhoBUsFaAV0cRYoSwhoCEsFaAh0cRcoSwloBUsBaAV0cRgoSwloCEsEaAh0cRkoSwpoBUsCaAh0cRooSwpoCEsEaAh0cRt0cRxYDQAAAGluaXRpYWxfc3RhdGVxHUsBWA4AAABpbml0aWFsX2FjdGlvbnEeaAVYCgAAAG51bV9zdGF0ZXNxH0sKWBQAAABtdXRhdGlvbl9wcm9iYWJpbGl0eXEgRz+5mZmZmZmadS4=
46,2.718504587155963,0.07685948995972419,2.7750458715596333,gANjY29sbGVjdGlvbnMKT3JkZXJlZERpY3QKcQApUnEBKFgLAAAAdHJhbnNpdGlvbnNxAigoSwFjYXhlbHJvZC5hY3Rpb24KQWN0aW9uCnEDSwCFcQRScQVLAmgFdHEGKEsBaANLAYVxB1JxCEsDaAh0cQkoSwJoBUsEaAV0cQooSwJoCEsFaAh0cQsoSwNoBUsCaAV0cQwoSwNoCEsKaAV0cQ0oSwRoBUsCaAh0cQ4oSwRoCEsJaAh0cQ8oSwVoBUsFaAh0cRAoSwVoCEsGaAh0cREoSwZoBUsFaAh0cRIoSwZoCEsHaAV0cRMoSwdoBUsFaAV0cRQoSwdoCEsIaAh0cRUoSwhoBUsFaAV0cRYoSwhoCEsFaAh0cRcoSwloBUsBaAV0cRgoSwloCEsEaAh0cRkoSwpoBUsCaAh0cRooSwpoCEsEaAh0cRt0cRxYDQAAAGluaXRpYWxfc3RhdGVxHUsBWA4AAABpbml0aWFsX2FjdGlvbnEeaAVYCgAAAG51bV9zdGF0ZXNxH0sKWBQAAABtdXRhdGlvbl9wcm9iYWJpbGl0eXEgRz+5mZmZmZmadS4=
47,2.7271123853211012,0.05239559796325547,2.7774311926605506,gANjY29sbGVjdGlvbnMKT3JkZXJlZERpY3QKcQApUnEBKFgLAAAAdHJhbnNpdGlvbnNxAigoSwFjYXhlbHJvZC5hY3Rpb24KQWN0aW9uCnEDSwCFcQRScQVLAmgFdHEGKEsBaANLAYVxB1JxCEsDaAh0cQkoSwJoBUsEaAV0cQooSwJoCEsFaAh0cQsoSwNoBUsCaAV0cQwoSwNoCEsKaAV0cQ0oSwRoBUsCaAh0cQ4oSwRoCEsJaAh0cQ8oSwVoBUsFaAh0cRAoSwVoCEsGaAh0cREoSwZoBUsFaAh0cRIoSwZoCEsHaAh0cRMoSwdoBUsFaAV0cRQoSwdoCEsIaAh0cRUoSwhoBUsFaAV0cRYoSwhoCEsFaAh0cRcoSwloBUsBaAV0cRgoSwloCEsEaAh0cRkoSwpoBUsCaAh0cRooSwpoCEsEaAh0cRt0cRxYDQAAAGluaXRpYWxfc3RhdGVxHUsBWA4AAABpbml0aWFsX2FjdGlvbnEeaAVYCgAAAG51bV9zdGF0ZXNxH0sKWBQAAABtdXRhdGlvbl9wcm9iYWJpbGl0eXEgRz+5mZmZmZmadS4=
48,2.747665137614679,0.030531177277674314,2.785137614678898,gANjY29sbGVjdGlvbnMKT3JkZXJlZERpY3QKcQApUnEBKFgLAAAAdHJhbnNpdGlvbnNxAigoSwFjYXhlbHJvZC5hY3Rpb24KQWN0aW9uCnEDSwCFcQRScQVLAmgFdHEGKEsBaANLAYVxB1JxCEsDaAh0cQkoSwJoBUsBaAV0cQooSwJoCEsEaAh0cQsoSwNoBUsFaAV0cQwoSwNoCEsFaAh0cQ0oSwRoBUsFaAV0cQ4oSwRoCEsHaAh0cQ8oSwVoBUsFaAh0cRAoSwVoCEsGaAV0cREoSwZoBUsCaAh0cRIoSwZoCEsJaAh0cRMoSwdoBUsFaAh0cRQoSwdoCEsIaAh0cRUoSwhoBUsEaAV0cRYoSwhoCEsFaAh0cRcoSwloBUsCaAh0cRgoSwloCEsKaAh0cRkoSwpoBUsCaAV0cRooSwpoCEsEaAh0cRt0cRxYDQAAAGluaXRpYWxfc3RhdGVxHUsBWA4AAABpbml0aWFsX2FjdGlvbnEeaAVYCgAAAG51bV9zdGF0ZXNxH0sKWBQAAABtdXRhdGlvbl9wcm9iYWJpbGl0eXEgRz+5mZmZmZmadS4=
49,2.7402201834862385,0.04920156329310731,2.7856880733944953,gANjY29sbGVjdGlvbnMKT3JkZXJlZERpY3QKcQApUnEBKFgLAAAAdHJhbnNpdGlvbnNxAigoSwFjYXhlbHJvZC5hY3Rpb24KQWN0aW9uCnEDSwCFcQRScQVLAmgFdHEGKEsBaANLAYVxB1JxCEsDaAh0cQkoSwJoBUsEaAV0cQooSwJoCEsFaAh0cQsoSwNoBUsCaAV0cQwoSwNoCEsKaAh0cQ0oSwRoBUsCaAh0cQ4oSwRoCEsJaAh0cQ8oSwVoBUsFaAh0cRAoSwVoCEsGaAh0cREoSwZoBUsFaAh0cRIoSwZoCEsHaAh0cRMoSwdoBUsFaAV0cRQoSwdoCEsIaAh0cRUoSwhoBUsFaAh0cRYoSwhoCEsFaAh0cRcoSwloBUsBaAV0cRgoSwloCEsEaAh0cRkoSwpoBUsCaAh0cRooSwpoCEsEaAh0cRt0cRxYDQAAAGluaXRpYWxfc3RhdGVxHUsBWA4AAABpbml0aWFsX2FjdGlvbnEeaAVYCgAAAG51bV9zdGF0ZXNxH0sKWBQAAABtdXRhdGlvbl9wcm9iYWJpbGl0eXEgRz+5mZmZmZmadS4=
50,2.7148279816513763,0.0811378966751704,2.7969724770642204,gANjY29sbGVjdGlvbnMKT3JkZXJlZERpY3QKcQApUnEBKFgLAAAAdHJhbnNpdGlvbnNxAigoSwFjYXhlbHJvZC5hY3Rpb24KQWN0aW9uCnEDSwCFcQRScQVLAmgFdHEGKEsBaANLAYVxB1JxCEsDaAh0cQkoSwJoBUsEaAV0cQooSwJoCEsFaAh0cQsoSwNoBUsFaAV0cQwoSwNoCEsFaAh0cQ0oSwRoBUsCaAh0cQ4oSwRoCEsJaAh0cQ8oSwVoBUsFaAh0cRAoSwVoCEsGaAh0cREoSwZoBUsFaAh0cRIoSwZoCEsHaAh0cRMoSwdoBUsFaAV0cRQoSwdoCEsIaAh0cRUoSwhoBUsCaAV0cRYoSwhoCEsKaAV0cRcoSwloBUsBaAV0cRgoSwloCEsEaAh0cRkoSwpoBUsCaAh0cRooSwpoCEsEaAh0cRt0cRxYDQAAAGluaXRpYWxfc3RhdGVxHUsBWA4AAABpbml0aWFsX2FjdGlvbnEeaAVYCgAAAG51bV9zdGF0ZXNxH0sKWBQAAABtdXRhdGlvbl9wcm9iYWJpbGl0eXEgRz+5mZmZmZmadS4=
